43921,15.00,13.34,110.00
43941,15.00,12.66,133.01
43961,15.00,11.67,188.04
Tiempo(ms),Setpoint(cm),Altura(cm),PWM
0,15.00,4.59,110.00
20,15.00,5.57,110.00
40,15.00,6.15,110.00
60,15.00,5.56,119.42
80,15.00,4.68,172.62
100,15.00,4.69,110.00
120,15.00,4.69,110.00
140,15.00,5.09,110.00
160,15.00,5.33,110.00
180,15.00,5.07,110.00
200,15.00,4.92,110.00
220,15.00,5.76,110.00
240,15.00,6.26,110.00
260,15.00,6.55,110.00
280,15.00,6.60,110.00
300,15.00,22.04,110.00
320,15.00,29.75,110.00
340,15.00,19.25,200.00
360,15.00,12.91,200.00
380,15.00,9.43,200.00
400,15.00,7.09,200.00
420,15.00,5.85,200.00
440,15.00,5.11,146.93
460,15.00,5.87,110.00
480,15.00,6.99,110.00
500,15.00,6.99,110.00
520,15.00,7.52,110.00
540,15.00,8.23,110.00
561,15.00,9.06,110.00
581,15.00,9.54,110.00
601,15.00,10.12,110.00
621,15.00,10.76,110.00
641,15.00,11.56,110.00
661,15.00,12.04,110.00
681,15.00,13.14,110.00
701,15.00,13.65,110.00
721,15.00,13.80,110.00
741,15.00,13.90,110.00
761,15.00,14.96,110.00
781,15.00,14.43,110.00
801,15.00,14.55,110.00
821,15.00,13.81,132.34
841,15.00,13.37,110.00
861,15.00,13.93,110.00
881,15.00,13.58,110.00
901,15.00,12.95,114.71
921,15.00,11.84,199.26
941,15.00,11.49,110.00
961,15.00,10.71,143.40
981,15.00,9.86,158.46
1001,15.00,9.22,123.40
1021,15.00,8.70,110.00
1041,15.00,8.53,110.00
1061,15.00,8.17,110.00
1081,15.00,7.95,110.00
1101,15.00,7.42,110.00
1121,15.00,7.11,110.00
1141,15.00,7.59,110.00
1161,15.00,7.88,110.00
1181,15.00,8.18,110.00
1201,15.00,8.36,110.00
1221,15.00,8.47,110.00
1241,15.00,8.13,110.00
1261,15.00,7.93,110.00
1281,15.00,7.42,110.00
1301,15.00,7.64,110.00
1321,15.00,7.77,110.00
1341,15.00,7.85,110.00
1361,15.00,8.03,110.00
1381,15.00,6.67,200.00
1401,15.00,7.46,110.00
1421,15.00,7.80,110.00
1441,15.00,8.00,110.00
1461,15.00,7.45,110.20
1481,15.00,7.12,110.00
1501,15.00,7.33,110.00
1521,15.00,7.86,110.00
1541,15.00,8.03,110.00
1561,15.00,7.60,110.00
1581,15.00,7.76,110.00
1601,15.00,7.97,110.00
1621,15.00,8.10,110.00
1641,15.00,8.18,110.00
1661,15.00,7.83,110.00
1681,15.00,7.75,110.00
1701,15.00,7.70,110.00
1721,15.00,7.27,110.00
1741,15.00,7.56,110.00
1761,15.00,7.86,110.00
1781,15.00,8.17,110.00
1801,15.00,8.35,110.00
1821,15.00,8.59,110.00
1841,15.00,8.21,110.00
1861,15.00,7.97,110.00
1881,15.00,7.43,110.00
1901,15.00,7.65,110.00
1921,15.00,7.78,110.00
1941,15.00,7.99,110.00
1961,15.00,8.11,110.00
1981,15.00,8.18,110.00
2001,15.00,7.82,110.00
2021,15.00,7.61,110.00
2041,15.00,8.16,110.00
2061,15.00,7.41,144.85
2081,15.00,6.97,110.00
2101,15.00,7.24,110.00
2121,15.00,7.93,110.00
2141,15.00,7.68,110.00
2161,15.00,8.06,110.00
2181,15.00,7.75,110.00
2201,15.00,8.10,110.00
2221,15.00,8.31,110.00
2241,15.00,7.90,110.00
2261,15.00,7.66,110.00
2281,15.00,7.52,110.00
2301,15.00,7.43,110.00
2321,15.00,8.05,110.00
2341,15.00,7.88,110.00
2361,15.00,7.24,125.40
2381,15.00,6.87,110.00
2401,15.00,6.65,110.00
2421,15.00,7.05,110.00
2441,15.00,7.29,110.00
2461,15.00,6.90,110.00
2481,15.00,7.20,110.00
2501,15.00,6.85,110.00
2521,15.00,6.64,110.00
2541,15.00,6.64,110.00
2561,15.00,6.65,110.00
2581,15.00,6.65,110.00
2601,15.00,6.66,110.00
2621,15.00,7.19,110.00
2641,15.00,7.51,110.00
2661,15.00,7.16,110.00
2681,15.00,6.96,110.00
2701,15.00,5.63,200.00
2721,15.00,6.05,110.00
2741,15.00,6.30,110.00
2761,15.00,6.31,110.00
2781,15.00,7.25,110.00
2801,15.00,7.67,110.00
2821,15.00,7.26,110.00
2841,15.00,7.95,110.00
2861,15.00,7.82,110.00
2881,15.00,7.75,110.00
2901,15.00,8.10,110.00
2921,15.00,8.31,110.00
2941,15.00,8.57,110.00
2961,15.00,8.72,110.00
2981,15.00,8.28,110.00
3001,15.00,8.01,110.00
3021,15.00,7.86,110.00
3041,15.00,7.37,110.00
3061,15.00,7.08,110.00
3081,15.00,6.90,110.00
3101,15.00,6.80,110.00
3121,15.00,7.41,110.00
3141,15.00,7.77,110.00
3161,15.00,7.98,110.00
3181,15.00,7.71,110.00
3201,15.00,7.54,110.00
3221,15.00,7.58,110.00
3241,15.00,7.60,110.00
3261,15.00,7.62,110.00
3281,15.00,7.10,110.00
3301,15.00,6.78,110.00
3321,15.00,6.60,110.00
3341,15.00,7.69,110.00
3361,15.00,7.80,110.00
3381,15.00,7.34,110.00
3401,15.00,7.06,110.00
3421,15.00,7.43,110.00
3441,15.00,7.65,110.00
3461,15.00,7.24,110.00
3481,15.00,7.53,110.00
3501,15.00,6.52,194.37
3521,15.00,6.57,110.00
3541,15.00,7.01,110.00
3561,15.00,6.73,110.00
3581,15.00,7.50,110.00
3601,15.00,7.82,110.00
3621,15.00,7.48,110.00
3641,15.00,7.68,110.00
3661,15.00,7.79,110.00
3681,15.00,7.33,110.00
3701,15.00,7.06,110.00
3721,15.00,6.36,138.58
3741,15.00,7.01,110.00
3761,15.00,7.27,110.00
3781,15.00,7.42,110.00
3801,15.00,7.11,110.00
3821,15.00,6.92,110.00
3841,15.00,6.81,110.00
3861,15.00,7.28,110.00
3881,15.00,9.65,110.00
3901,15.00,8.43,200.00
3921,15.00,8.24,110.00
3941,15.00,8.12,110.00
3961,15.00,8.06,110.00
3981,15.00,7.89,110.00
4001,15.00,7.79,110.00
4021,15.00,8.66,110.00
4041,15.00,8.65,110.00
4061,15.00,8.50,110.00
4081,15.00,8.41,110.00
4101,15.00,8.36,110.00
4121,15.00,7.66,136.03
4141,15.00,7.38,110.00
4161,15.00,7.75,110.00
4181,15.00,7.97,110.00
4201,15.00,8.23,110.00
4221,15.00,8.39,110.00
4241,15.00,8.08,110.00
4261,15.00,7.90,110.00
4281,15.00,7.39,110.00
4301,15.00,7.62,110.00
4321,15.00,7.89,110.00
4341,15.00,7.65,110.00
4361,15.00,7.51,110.00
4381,15.00,7.56,110.00
4401,15.00,7.06,110.00
4421,15.00,6.76,110.00
4441,15.00,6.59,110.00
4461,15.00,7.15,110.00
4481,15.00,7.48,110.00
4501,15.00,7.14,110.00
4521,15.00,6.94,110.00
4541,15.00,8.59,110.00
4561,15.00,10.42,110.00
4581,15.00,10.65,110.00
4601,15.00,9.68,179.12
4621,15.00,9.11,111.24
4641,15.00,8.77,110.00
4661,15.00,10.25,110.00
4681,15.00,9.31,174.67
4701,15.00,8.09,200.00
4721,15.00,8.31,110.00
4741,15.00,7.63,132.31
4761,15.00,8.03,110.00
4781,15.00,7.47,113.13
4801,15.00,7.40,110.00
4821,15.00,7.10,110.00
4841,15.00,7.32,110.00
4861,15.00,7.72,110.00
4881,15.00,7.68,110.00
4901,15.00,8.06,110.00
4921,15.00,8.29,110.00
4941,15.00,8.29,110.00
4961,15.00,8.29,110.00
4981,15.00,8.82,110.00
5001,15.00,8.61,110.00
5021,15.00,9.14,110.00
5041,15.00,8.53,120.81
5061,15.00,6.56,200.00
5081,15.00,7.27,110.00
5101,15.00,7.28,110.00
5121,15.00,7.43,110.00
5141,15.00,7.51,110.00
5161,15.00,7.56,110.00
5181,15.00,7.99,110.00
5201,15.00,8.25,110.00
5221,15.00,7.86,110.00
5241,15.00,8.18,110.00
5261,15.00,7.95,110.00
5281,15.00,7.82,110.00
5301,15.00,8.29,110.00
5321,15.00,8.02,110.00
5341,15.00,7.46,112.38
5361,15.00,7.67,110.00
5381,15.00,7.92,110.00
5401,15.00,7.67,110.00
5421,15.00,7.65,110.00
5441,15.00,7.11,110.31
5461,15.00,6.79,110.00
5481,15.00,6.74,110.00
5501,15.00,7.24,110.00
5521,15.00,7.13,110.00
5541,15.00,7.61,110.00
5561,15.00,8.02,110.00
5581,15.00,8.26,110.00
5601,15.00,8.01,110.00
5621,15.00,7.86,110.00
5641,15.00,7.37,110.00
5661,15.00,7.08,110.00
5681,15.00,7.57,110.00
5701,15.00,7.86,110.00
5721,15.00,9.28,110.00
5741,15.00,9.01,110.00
5761,15.00,8.31,134.88
5781,15.00,8.57,110.00
5801,15.00,8.59,110.00
5821,15.00,8.06,110.00
5841,15.00,7.76,110.00
5861,15.00,7.58,110.00
5881,15.00,8.00,110.00
5901,15.00,7.72,110.00
5921,15.00,7.55,110.00
5941,15.00,7.45,110.00
5961,15.00,7.00,110.00
5981,15.00,7.26,110.00
6001,15.00,7.41,110.00
6021,15.00,7.50,110.00
6041,15.00,7.02,110.00
6061,15.00,6.75,110.00
6081,15.00,7.11,110.00
6101,15.00,7.32,110.00
6121,15.00,6.92,110.00
6141,15.00,6.68,110.00
6161,15.00,6.53,110.00
6181,15.00,6.45,110.00
6201,15.00,6.93,110.00
6221,15.00,7.89,110.00
6241,15.00,7.39,110.00
6261,15.00,7.09,110.00
6281,15.00,7.45,110.00
6301,15.00,7.52,110.00
6321,15.00,7.03,110.00
6341,15.00,6.75,110.00
6361,15.00,6.58,110.00
6381,15.00,7.14,110.00
6401,15.00,7.48,110.00
6421,15.00,7.01,110.00
6441,15.00,6.73,110.00
6461,15.00,6.57,110.00
6481,15.00,6.47,110.00
6501,15.00,6.95,110.00
6521,15.00,7.23,110.00
6541,15.00,6.86,110.00
6561,15.00,6.64,110.00
6581,15.00,6.51,110.00
6601,15.00,6.97,110.00
6621,15.00,7.25,110.00
6641,15.00,6.87,110.00
6661,15.00,6.65,110.00
6681,15.00,6.52,110.00
6701,15.00,6.44,110.00
6721,15.00,6.53,110.00
6741,15.00,6.58,110.00
6761,15.00,6.61,110.00
6781,15.00,6.63,110.00
6801,15.00,6.64,110.00
6821,15.00,6.65,110.00
6841,15.00,6.65,110.00
6861,15.00,6.65,110.00
6881,15.00,7.05,110.00
6901,15.00,7.29,110.00
6921,15.00,6.90,110.00
6941,15.00,6.66,110.00
6961,15.00,6.53,110.00
6981,15.00,6.45,110.00
7001,15.00,6.41,110.00
7021,15.00,7.98,110.00
7041,15.00,7.84,110.00
7061,15.00,7.22,123.24
7081,15.00,6.86,110.00
7101,15.00,6.64,110.00
7121,15.00,7.05,110.00
7141,15.00,7.16,110.00
7161,15.00,7.75,110.00
7181,15.00,8.11,110.00
7201,15.00,8.31,110.00
7221,15.00,7.90,110.00
7241,15.00,7.66,110.00
7261,15.00,7.52,110.00
7281,15.00,7.43,110.00
7301,15.00,7.91,110.00
7321,15.00,8.73,110.00
7341,15.00,8.82,110.00
7361,15.00,8.21,120.42
7381,15.00,7.84,110.00
7401,15.00,6.15,200.00
7421,15.00,6.63,110.00
7441,15.00,7.44,110.00
7461,15.00,7.12,110.00
7481,15.00,6.94,110.00
7501,15.00,7.22,110.00
7521,15.00,7.79,110.00
7541,15.00,7.99,110.00
7561,15.00,7.45,110.79
7581,15.00,7.12,110.00
7601,15.00,7.33,110.00
7621,15.00,7.46,110.00
7641,15.00,7.53,110.00
7661,15.00,7.04,110.00
7681,15.00,7.41,110.00
7701,15.00,7.64,110.00
7721,15.00,7.24,110.00
7741,15.00,7.00,110.00
7761,15.00,7.53,110.00
7781,15.00,7.84,110.00
7801,15.00,7.62,110.00
7821,15.00,8.03,110.00
7841,15.00,8.40,110.00
7861,15.00,8.09,110.00
7881,15.00,7.37,141.53
7901,15.00,7.48,110.00
7921,15.00,7.68,110.00
7941,15.00,7.66,110.00
7961,15.00,7.65,110.00
7981,15.00,7.64,110.00
8001,15.00,7.64,110.00
8021,15.00,7.11,110.00
8041,15.00,7.32,110.00
8061,15.00,8.67,110.00
8081,15.00,8.25,110.00
8101,15.00,7.60,128.89
8121,15.00,7.75,110.00
8141,15.00,7.83,110.00
8161,15.00,7.35,110.00
8181,15.00,7.61,110.00
8201,15.00,7.22,110.00
8221,15.00,7.52,110.00
8241,15.00,7.70,110.00
8261,15.00,7.94,110.00
8281,15.00,8.22,110.00
8301,15.00,8.38,110.00
8321,15.00,8.07,110.00
8341,15.00,7.89,110.00
8361,15.00,7.79,110.00
8381,15.00,7.19,120.09
8401,15.00,6.84,110.00
8421,15.00,7.30,110.00
8441,15.00,7.03,110.00
8461,15.00,7.41,110.00
8481,15.00,7.10,110.00
8501,15.00,6.92,110.00
8521,15.00,6.81,110.00
8541,15.00,6.75,110.00
8561,15.00,7.78,110.00
8581,15.00,7.85,110.00
8601,15.00,7.36,110.00
8621,15.00,7.07,110.00
8641,15.00,7.44,110.00
8661,15.00,7.65,110.00
8681,15.00,7.24,110.00
8701,15.00,7.54,110.00
8721,15.00,7.71,110.00
8741,15.00,7.29,110.00
8761,15.00,7.03,110.00
8781,15.00,6.88,110.00
8801,15.00,6.79,110.00
8821,15.00,6.73,110.00
8841,15.00,9.18,110.00
8861,15.00,9.35,110.00
8881,15.00,8.91,110.00
8901,15.00,8.66,110.00
8921,15.00,8.64,110.00
8941,15.00,8.63,110.00
8961,15.00,8.62,110.00
8981,15.00,8.09,110.00
9001,15.00,7.77,110.00
9021,15.00,8.12,110.00
9041,15.00,7.79,110.00
9061,15.00,9.51,110.00
9081,15.00,9.68,110.00
9101,15.00,8.71,182.71
9121,15.00,9.20,110.00
9141,15.00,9.36,110.00
9161,15.00,9.46,110.00
9181,15.00,8.31,200.00
9201,15.00,7.51,155.87
9221,15.00,7.96,110.00
9241,15.00,8.63,110.00
9261,15.00,8.75,110.00
9281,15.00,7.90,164.81
9301,15.00,7.79,110.00
9321,15.00,7.33,110.00
9341,15.00,7.46,110.00
9361,15.00,7.80,110.00
9381,15.00,8.26,110.00
9401,15.00,8.41,110.00
9421,15.00,8.36,110.00
9441,15.00,8.33,110.00
9461,15.00,8.71,110.00
9481,15.00,8.41,110.00
9501,15.00,8.23,110.00
9521,15.00,8.25,110.00
9541,15.00,8.40,110.00
9561,15.00,8.62,110.00
9581,15.00,8.35,110.00
9601,15.00,8.32,110.00
9621,15.00,7.91,110.00
9641,15.00,7.40,110.00
9661,15.00,7.63,110.00
9681,15.00,8.03,110.00
9701,15.00,7.33,137.39
9721,15.00,6.92,110.00
9741,15.00,7.48,110.00
9761,15.00,7.94,110.00
9781,15.00,8.22,110.00
9801,15.00,7.98,110.00
9821,15.00,7.84,110.00
9841,15.00,7.75,110.00
9861,15.00,7.71,110.00
9881,15.00,8.21,110.00
9901,15.00,9.19,110.00
9921,15.00,8.15,195.54
9941,15.00,7.54,122.61
9961,15.00,7.71,110.00
9981,15.00,8.21,110.00
10001,15.00,8.51,110.00
10021,15.00,8.55,110.00
10041,15.00,8.44,110.00
10061,15.00,8.25,110.00
10081,15.00,8.13,110.00
10101,15.00,7.93,110.00
10121,15.00,7.81,110.00
10141,15.00,7.74,110.00
10161,15.00,8.09,110.00
10181,15.00,8.31,110.00
10201,15.00,8.57,110.00
10221,15.00,8.18,110.00
10241,15.00,7.43,148.47
10261,15.00,7.51,110.00
10281,15.00,7.69,110.00
10301,15.00,7.28,110.00
10321,15.00,7.02,110.00
10341,15.00,7.41,110.00
10361,15.00,7.23,110.00
10381,15.00,7.66,110.00
10401,15.00,8.59,110.00
10421,15.00,8.60,110.00
10441,15.00,8.60,110.00
10461,15.00,8.74,110.00
10481,15.00,8.16,116.95
10501,15.00,7.41,146.50
10521,15.00,7.50,110.00
10541,15.00,7.69,110.00
10561,15.00,7.80,110.00
10581,15.00,7.87,110.00
10601,15.00,7.37,110.00
10621,15.00,7.08,110.00
10641,15.00,6.91,110.00
10661,15.00,6.81,110.00
10681,15.00,7.28,110.00
10701,15.00,7.56,110.00
10721,15.00,7.19,110.00
10741,15.00,6.97,110.00
10761,15.00,6.84,110.00
10781,15.00,7.30,110.00
10801,15.00,7.57,110.00
10821,15.00,7.20,110.00
10841,15.00,7.51,110.00
10861,15.00,7.83,110.00
10881,15.00,8.16,110.00
10901,15.00,8.34,110.00
10921,15.00,24.46,110.00
10941,15.00,17.59,200.00
10961,15.00,13.52,200.00
10981,15.00,12.91,112.26
11001,15.00,11.02,200.00
11021,15.00,9.24,200.00
11041,15.00,8.85,110.00
11061,15.00,8.35,110.00
11081,15.00,8.06,110.00
11101,15.00,8.02,110.00
11121,15.00,8.00,110.00
11141,15.00,8.51,110.00
11161,15.00,8.96,110.00
11181,15.00,9.22,110.00
11201,15.00,9.50,110.00
11221,15.00,9.95,110.00
11241,15.00,10.07,110.00
11261,15.00,10.87,110.00
11281,15.00,11.34,110.00
11301,15.00,10.89,110.00
11321,15.00,10.78,110.00
11341,15.00,10.30,110.00
11361,15.00,10.28,110.00
11381,15.00,9.86,110.00
11401,15.00,9.89,110.00
11421,15.00,9.63,110.00
11441,15.00,9.62,110.00
11461,15.00,8.94,132.10
11481,15.00,8.81,110.00
11501,15.00,8.86,110.00
11521,15.00,9.16,110.00
11541,15.00,8.54,123.15
11561,15.00,8.43,110.00
11581,15.00,8.11,110.00
11601,15.00,7.51,119.75
11621,15.00,7.30,110.00
11641,15.00,7.30,110.00
11661,15.00,7.44,110.00
11681,15.00,7.12,110.00
11701,15.00,7.47,110.00
11721,15.00,7.80,110.00
11741,15.00,8.00,110.00
11761,15.00,8.26,110.00
11781,15.00,7.88,110.00
11801,15.00,7.24,127.12
11821,15.00,7.40,110.00
11841,15.00,7.50,110.00
11861,15.00,7.56,110.00
11881,15.00,7.59,110.00
11901,15.00,7.61,110.00
11921,15.00,7.62,110.00
11941,15.00,7.22,110.00
11961,15.00,6.99,110.00
11981,15.00,6.85,110.00
12001,15.00,7.31,110.00
12021,15.00,7.57,110.00
12041,15.00,7.20,110.00
12061,15.00,6.98,110.00
12081,15.00,7.51,110.00
12101,15.00,5.97,200.00
12121,15.00,6.92,110.00
12141,15.00,6.81,110.00
12161,15.00,7.15,110.00
12181,15.00,7.35,110.00
12201,15.00,7.86,110.00
12221,15.00,8.17,110.00
12241,15.00,8.22,110.00
12261,15.00,7.58,127.67
12281,15.00,7.20,110.00
12301,15.00,7.51,110.00
12321,15.00,7.16,110.00
12341,15.00,6.95,110.00
12361,15.00,7.37,110.00
12381,15.00,7.61,110.00
12401,15.00,7.89,110.00
12421,15.00,8.05,110.00
12441,15.00,8.15,110.00
12461,15.00,8.34,110.00
12481,15.00,8.45,110.00
12501,15.00,8.52,110.00
12521,15.00,8.69,110.00
12541,15.00,8.79,110.00
12561,15.00,8.32,110.00
12581,15.00,8.04,110.00
12601,15.00,7.87,110.00
12621,15.00,7.78,110.00
12641,15.00,7.72,110.00
12661,15.00,7.69,110.00
12681,15.00,7.67,110.00
12701,15.00,7.66,110.00
12721,15.00,7.65,110.00
12741,15.00,8.86,110.00
12761,15.00,9.58,110.00
12781,15.00,8.78,152.61
12801,15.00,8.31,110.00
12821,15.00,8.04,110.00
12841,15.00,7.87,110.00
12861,15.00,7.77,110.00
12881,15.00,7.72,110.00
12901,15.00,8.22,110.00
12921,15.00,9.05,110.00
12941,15.00,8.87,110.00
12961,15.00,8.23,126.48
12981,15.00,8.39,110.00
13001,15.00,8.48,110.00
13021,15.00,9.07,110.00
13041,15.00,9.28,110.00
13061,15.00,9.54,110.00
13081,15.00,9.04,110.00
13101,15.00,8.73,110.00
13121,15.00,8.68,110.00
13141,15.00,8.65,110.00
13161,15.00,8.64,110.00
13181,15.00,8.23,110.00
13201,15.00,7.99,110.00
13221,15.00,7.85,110.00
13241,15.00,7.76,110.00
13261,15.00,7.84,110.00
13281,15.00,7.36,110.00
13301,15.00,7.08,110.00
13321,15.00,7.44,110.00
13341,15.00,7.79,110.00
13361,15.00,7.99,110.00
13381,15.00,8.11,110.00
13401,15.00,9.57,110.00
13421,15.00,9.18,110.00
13441,15.00,8.95,110.00
13461,15.00,8.81,110.00
13481,15.00,8.73,110.00
13501,15.00,8.28,110.00
13521,15.00,7.48,155.93
13541,15.00,7.55,110.00
13561,15.00,7.58,110.00
13581,15.00,7.60,110.00
13601,15.00,7.48,110.00
13621,15.00,7.94,110.00
13641,15.00,8.22,110.00
13661,15.00,8.25,110.00
13681,15.00,8.26,110.00
13701,15.00,8.28,110.00
13721,15.00,8.28,110.00
13741,15.00,8.28,110.00
13761,15.00,8.29,110.00
13781,15.00,8.95,110.00
13801,15.00,8.82,110.00
13821,15.00,8.74,110.00
13841,15.00,9.35,110.00
13861,15.00,9.18,110.00
13881,15.00,8.02,200.00
13901,15.00,7.33,137.81
13921,15.00,6.92,110.00
13941,15.00,7.75,110.00
13961,15.00,7.97,110.00
13981,15.00,7.44,110.00
14001,15.00,7.53,110.00
14021,15.00,7.97,110.00
14041,15.00,7.43,110.46
14061,15.00,7.65,110.00
14081,15.00,7.64,110.00
14101,15.00,7.64,110.00
14121,15.00,7.50,110.00
14141,15.00,7.96,110.00
14161,15.00,8.23,110.00
14181,15.00,8.52,110.00
14201,15.00,8.16,110.00
14221,15.00,8.08,110.00
14241,15.00,8.16,110.00
14261,15.00,8.21,110.00
14281,15.00,8.38,110.00
14301,15.00,8.07,110.00
14321,15.00,7.50,116.57
14341,15.00,7.15,110.00
14361,15.00,8.15,110.00
14381,15.00,8.21,110.00
14401,15.00,8.37,110.00
14421,15.00,9.01,110.00
14441,15.00,21.38,110.00
14461,15.00,16.83,200.00
14481,15.00,16.41,110.00
14501,15.00,13.75,200.00
14521,15.00,11.39,200.00
14541,15.00,9.85,200.00
14561,15.00,9.88,110.00
14581,15.00,8.96,174.41
14601,15.00,8.02,180.56
14621,15.00,8.00,110.00
14641,15.00,8.52,110.00
14661,15.00,8.69,110.00
14681,15.00,9.19,110.00
14701,15.00,9.49,110.00
14721,15.00,10.24,110.00
14741,15.00,10.69,110.00
14761,15.00,11.09,110.00
14781,15.00,11.61,110.00
14801,15.00,12.35,110.00
14821,15.00,12.08,110.00
14841,15.00,11.91,110.00
14861,15.00,11.96,110.00
14881,15.00,11.13,155.97
14901,15.00,11.35,110.00
14921,15.00,11.77,110.00
14941,15.00,11.59,110.00
14961,15.00,11.91,110.00
14981,15.00,11.67,110.00
15001,15.00,11.09,112.13
15021,15.00,11.33,110.00
15041,15.00,11.04,110.00
15061,15.00,10.58,110.00
15081,15.00,10.04,110.00
15101,15.00,9.99,110.00
15121,15.00,9.16,158.96
15141,15.00,8.94,110.00
15161,15.00,8.94,110.00
15181,15.00,8.67,110.00
15201,15.00,9.05,110.00
15221,15.00,9.40,110.00
15241,15.00,9.21,110.00
15261,15.00,8.70,110.00
15281,15.00,8.40,110.00
15301,15.00,8.35,110.00
15321,15.00,7.93,110.00
15341,15.00,7.81,110.00
15361,15.00,7.34,110.00
15381,15.00,7.60,110.00
15401,15.00,7.88,110.00
15421,15.00,8.05,110.00
15441,15.00,7.74,110.00
15461,15.00,7.70,110.00
15481,15.00,7.67,110.00
15501,15.00,7.80,110.00
15521,15.00,7.33,110.00
15541,15.00,7.59,110.00
15561,15.00,7.87,110.00
15581,15.00,8.04,110.00
15601,15.00,8.81,110.00
15621,15.00,9.26,110.00
15641,15.00,9.00,110.00
15661,15.00,8.45,111.21
15681,15.00,9.18,110.00
15701,15.00,8.55,125.51
15721,15.00,8.18,110.00
15741,15.00,8.49,110.00
15761,15.00,8.14,110.00
15781,15.00,7.93,110.00
15801,15.00,7.81,110.00
15821,15.00,7.74,110.00
15841,15.00,7.17,116.95
15861,15.00,6.83,110.00
15881,15.00,7.16,110.00
15901,15.00,8.02,110.00
15921,15.00,7.86,110.00
15941,15.00,7.37,110.00
15961,15.00,7.08,110.00
15981,15.00,6.90,110.00
16001,15.00,6.80,110.00
16021,15.00,7.28,110.00
16041,15.00,7.03,110.00
16061,15.00,7.41,110.00
16081,15.00,7.77,110.00
16101,15.00,7.98,110.00
16121,15.00,8.11,110.00
16141,15.00,7.65,110.00
16161,15.00,7.38,110.00
16181,15.00,7.75,110.00
16201,15.00,7.97,110.00
16221,15.00,7.57,110.00
16241,15.00,7.33,110.00
16261,15.00,7.19,110.00
16281,15.00,7.64,110.00
16301,15.00,7.90,110.00
16321,15.00,8.06,110.00
16341,15.00,8.15,110.00
16361,15.00,8.21,110.00
16381,15.00,8.25,110.00
16401,15.00,8.26,110.00
16421,15.00,8.27,110.00
16441,15.00,8.28,110.00
16461,15.00,7.75,110.00
16481,15.00,8.10,110.00
16501,15.00,8.31,110.00
16521,15.00,7.90,110.00
16541,15.00,8.19,110.00
16561,15.00,8.36,110.00
16581,15.00,8.47,110.00
16601,15.00,8.53,110.00
16621,15.00,8.03,110.00
16641,15.00,8.27,110.00
16661,15.00,7.88,110.00
16681,15.00,8.18,110.00
16701,15.00,8.36,110.00
16721,15.00,8.46,110.00
16741,15.00,8.52,110.00
16761,15.00,8.56,110.00
16781,15.00,8.58,110.00
16801,15.00,6.59,200.00
16821,15.00,7.29,110.00
16841,15.00,7.69,110.00
16861,15.00,7.80,110.00
16881,15.00,7.74,110.00
16901,15.00,8.10,110.00
16921,15.00,8.18,110.00
16941,15.00,8.09,110.00
16961,15.00,7.51,118.01
16981,15.00,7.03,110.00
17001,15.00,7.81,110.00
17021,15.00,8.14,110.00
17041,15.00,8.34,110.00
17061,15.00,8.05,110.00
17081,15.00,7.88,110.00
17101,15.00,7.78,110.00
17121,15.00,7.72,110.00
17141,15.00,7.28,110.00
17161,15.00,7.03,110.00
17181,15.00,6.87,110.00
17201,15.00,7.45,110.00
17221,15.00,7.79,110.00
17241,15.00,8.53,110.00
17261,15.00,8.56,110.00
17281,15.00,8.58,110.00
17301,15.00,9.13,110.00
17321,15.00,8.92,110.00
17341,15.00,8.39,110.00
17361,15.00,8.08,110.00
17381,15.00,7.90,110.00
17401,15.00,7.80,110.00
17421,15.00,7.73,110.00
17441,15.00,7.82,110.00
17461,15.00,7.35,110.00
17481,15.00,7.07,110.00
17501,15.00,7.44,110.00
17521,15.00,7.65,110.00
17541,15.00,7.24,110.00
17561,15.00,8.20,110.00
17581,15.00,8.24,110.00
17601,15.00,9.64,110.00
17621,15.00,9.09,110.85
17641,15.00,8.76,110.00
17661,15.00,8.57,110.00
17681,15.00,8.59,110.00
17701,15.00,8.60,110.00
17721,15.00,9.14,110.00
17741,15.00,8.92,110.00
17761,15.00,8.80,110.00
17781,15.00,8.72,110.00
17801,15.00,8.68,110.00
17821,15.00,9.18,110.00
17841,15.00,8.82,110.00
17861,15.00,8.73,110.00
17881,15.00,8.55,110.00
17901,15.00,8.58,110.00
17921,15.00,8.59,110.00
17941,15.00,9.85,110.00
17961,15.00,11.31,110.00
17981,15.00,10.22,200.00
18001,15.00,9.56,127.78
18021,15.00,9.71,110.00
18041,15.00,9.13,115.60
18061,15.00,8.12,192.70
18081,15.00,7.92,110.00
18101,15.00,8.07,110.00
18121,15.00,7.89,110.00
18141,15.00,8.19,110.00
18161,15.00,7.56,126.51
18181,15.00,7.59,110.00
18201,15.00,7.88,110.00
18221,15.00,7.92,110.00
18241,15.00,7.80,110.00
18261,15.00,8.27,110.00
18281,15.00,8.41,110.00
18301,15.00,8.49,110.00
18321,15.00,8.54,110.00
18341,15.00,8.57,110.00
18361,15.00,8.20,110.00
18381,15.00,7.97,110.00
18401,15.00,7.97,110.00
18421,15.00,8.10,110.00
18441,15.00,8.31,110.00
18461,15.00,8.03,110.00
18481,15.00,7.48,114.51
18501,15.00,7.27,110.00
18521,15.00,7.29,110.00
18541,15.00,7.43,110.00
18561,15.00,7.51,110.00
18581,15.00,7.16,110.00
18601,15.00,7.62,110.00
18621,15.00,8.03,110.00
18641,15.00,8.40,110.00
18661,15.00,8.09,110.00
18681,15.00,7.91,110.00
18701,15.00,7.39,110.00
18721,15.00,7.09,110.00
18741,15.00,7.58,110.00
18761,15.00,7.87,110.00
18781,15.00,7.51,110.00
18801,15.00,7.29,110.00
18821,15.00,7.30,110.00
18841,15.00,7.84,110.00
18861,15.00,8.15,110.00
18881,15.00,8.34,110.00
18901,15.00,8.45,110.00
18921,15.00,8.52,110.00
18941,15.00,9.09,110.00
18961,15.00,8.90,110.00
18981,15.00,9.45,110.00
19001,15.00,8.57,168.29
19021,15.00,8.20,110.00
19041,15.00,9.76,110.00
19061,15.00,9.29,110.00
19081,15.00,9.01,110.00
19101,15.00,8.72,110.00
19121,15.00,8.54,110.00
19141,15.00,8.44,110.00
19161,15.00,8.38,110.00
19181,15.00,8.34,110.00
19201,15.00,8.32,110.00
19221,15.00,8.44,110.00
19241,15.00,7.98,110.00
19261,15.00,8.24,110.00
19281,15.00,8.39,110.00
19301,15.00,8.48,110.00
19321,15.00,8.54,110.00
19341,15.00,9.11,110.00
19361,15.00,8.90,110.00
19381,15.00,8.65,110.00
19401,15.00,7.97,135.88
19421,15.00,8.23,110.00
19441,15.00,8.39,110.00
19461,15.00,8.48,110.00
19481,15.00,8.40,110.00
19501,15.00,10.45,110.00
19521,15.00,9.57,168.56
19541,15.00,9.18,110.00
19561,15.00,8.81,110.00
19581,15.00,8.60,110.00
19601,15.00,7.81,154.57
19621,15.00,7.87,110.00
19641,15.00,7.77,110.00
19661,15.00,7.72,110.00
19681,15.00,8.08,110.00
19701,15.00,8.17,110.00
19721,15.00,8.08,110.00
19741,15.00,7.90,110.00
19761,15.00,7.26,130.18
19781,15.00,7.41,110.00
19801,15.00,7.50,110.00
19821,15.00,7.42,110.00
19841,15.00,7.91,110.00
19861,15.00,8.20,110.00
19881,15.00,7.83,110.00
19901,15.00,7.76,110.00
19921,15.00,8.24,110.00
19941,15.00,7.99,110.00
19961,15.00,7.85,110.00
19981,15.00,7.76,110.00
20001,15.00,7.32,110.00
20021,15.00,7.05,110.00
20041,15.00,6.89,110.00
20061,15.00,7.46,110.00
20081,15.00,7.80,110.00
20101,15.00,9.23,110.00
20121,15.00,8.85,110.00
20141,15.00,8.75,110.00
20161,15.00,9.23,110.00
20181,15.00,8.98,110.00
20201,15.00,8.84,110.00
20221,15.00,8.34,110.00
20241,15.00,8.05,110.00
20261,15.00,7.88,110.00
20281,15.00,7.78,110.00
20301,15.00,7.72,110.00
20321,15.00,7.69,110.00
20341,15.00,7.66,110.00
20361,15.00,8.87,110.00
20381,15.00,8.50,110.00
20401,15.00,7.75,149.03
20421,15.00,7.84,110.00
20441,15.00,7.36,110.00
20461,15.00,7.61,110.00
20481,15.00,7.62,110.00
20501,15.00,7.62,110.00
20521,15.00,7.64,110.00
20541,15.00,8.04,110.00
20561,15.00,8.27,110.00
20581,15.00,8.41,110.00
20601,15.00,8.63,110.00
20621,15.00,8.22,110.00
20641,15.00,7.99,110.00
20661,15.00,8.38,110.00
20681,15.00,8.61,110.00
20701,15.00,8.21,110.00
20721,15.00,8.11,110.00
20741,15.00,8.05,110.00
20761,15.00,8.01,110.00
20781,15.00,7.47,113.59
20801,15.00,7.67,110.00
20821,15.00,7.26,110.00
20841,15.00,7.55,110.00
20861,15.00,7.85,110.00
20881,15.00,8.56,110.00
20901,15.00,8.98,110.00
20921,15.00,8.70,110.00
20941,15.00,8.53,110.00
20961,15.00,21.38,110.00
20981,15.00,17.41,200.00
21001,15.00,13.82,200.00
21021,15.00,11.56,200.00
21041,15.00,9.55,200.00
21061,15.00,9.30,110.00
21081,15.00,8.22,200.00
21101,15.00,8.25,110.00
21121,15.00,8.26,110.00
21141,15.00,8.14,110.00
21161,15.00,8.47,110.00
21181,15.00,9.06,110.00
21201,15.00,9.99,110.00
21221,15.00,10.39,110.00
21241,15.00,10.62,110.00
21261,15.00,11.05,110.00
21281,15.00,11.59,110.00
21301,15.00,11.77,110.00
21321,15.00,11.87,110.00
21341,15.00,11.94,110.00
21361,15.00,12.12,110.00
21381,15.00,11.79,110.00
21401,15.00,11.88,110.00
21421,15.00,11.65,110.00
21441,15.00,11.08,111.59
21461,15.00,11.17,110.00
21481,15.00,11.09,110.00
21501,15.00,10.74,110.00
21521,15.00,10.41,110.00
21541,15.00,9.94,110.00
21561,15.00,9.53,110.00
21581,15.00,9.16,110.00
21601,15.00,9.21,110.00
21621,15.00,9.10,110.00
21641,15.00,8.77,110.00
21661,15.00,7.91,166.63
21681,15.00,8.06,110.00
21701,15.00,7.89,110.00
21721,15.00,7.38,110.00
21741,15.00,7.09,110.00
21761,15.00,7.58,110.00
21781,15.00,7.87,110.00
21801,15.00,8.04,110.00
21821,15.00,8.14,110.00
21841,15.00,7.53,123.83
21861,15.00,7.17,110.00
21881,15.00,6.96,110.00
21901,15.00,8.60,110.00
21921,15.00,8.34,110.00
21941,15.00,7.66,136.59
21961,15.00,7.25,110.00
21981,15.00,7.54,110.00
22001,15.00,7.18,110.00
22021,15.00,7.50,110.00
22041,15.00,7.69,110.00
22061,15.00,7.26,110.00
22081,15.00,7.55,110.00
22101,15.00,7.18,110.00
22121,15.00,6.97,110.00
22141,15.00,7.51,110.00
22161,15.00,7.69,110.00
22181,15.00,7.80,110.00
22201,15.00,8.00,110.00
22221,15.00,7.98,110.00
22241,15.00,8.11,110.00
22261,15.00,8.85,110.00
22281,15.00,8.75,110.00
22301,15.00,8.70,110.00
22321,15.00,8.66,110.00
22341,15.00,8.11,113.54
22361,15.00,7.91,110.00
22381,15.00,7.80,110.00
22401,15.00,7.73,110.00
22421,15.00,8.23,110.00
22441,15.00,8.52,110.00
22461,15.00,8.16,110.00
22481,15.00,7.94,110.00
22501,15.00,7.82,110.00
22521,15.00,7.74,110.00
22541,15.00,7.70,110.00
22561,15.00,7.81,110.00
22581,15.00,7.88,110.00
22601,15.00,7.91,110.00
22621,15.00,7.40,110.00
22641,15.00,7.76,110.00
22661,15.00,7.98,110.00
22681,15.00,8.10,110.00
22701,15.00,8.19,110.00
22721,15.00,8.89,110.00
22741,15.00,8.78,110.00
22761,15.00,8.58,110.00
22781,15.00,9.13,110.00
22801,15.00,8.92,110.00
22821,15.00,8.80,110.00
22841,15.00,8.72,110.00
22861,15.00,8.68,110.00
22881,15.00,8.65,110.00
22901,15.00,8.64,110.00
22921,15.00,12.13,110.00
22941,15.00,12.66,110.00
22961,15.00,10.87,200.00
22981,15.00,9.82,197.34
23001,15.00,8.53,200.00
23021,15.00,8.16,110.00
23041,15.00,8.21,110.00
23061,15.00,8.51,110.00
23081,15.00,7.76,148.91
23101,15.00,7.97,110.00
23121,15.00,8.24,110.00
23141,15.00,8.39,110.00
23161,15.00,8.61,110.00
23181,15.00,8.35,110.00
23201,15.00,8.86,110.00
23221,15.00,9.03,110.00
23241,15.00,9.52,110.00
23261,15.00,9.69,110.00
23281,15.00,10.50,110.00
23301,15.00,10.26,110.00
23321,15.00,10.25,110.00
23341,15.00,9.85,110.00
23361,15.00,9.75,110.00
23381,15.00,9.42,110.00
23401,15.00,9.35,110.00
23421,15.00,9.45,110.00
23441,15.00,9.24,110.00
23461,15.00,9.25,110.00
23481,15.00,9.40,110.00
23501,15.00,9.22,110.00
23521,15.00,9.37,110.00
23541,15.00,9.19,110.00
23561,15.00,8.69,110.00
23581,15.00,8.53,110.00
23601,15.00,8.16,110.00
23621,15.00,7.55,125.61
23641,15.00,7.85,110.00
23661,15.00,8.16,110.00
23681,15.00,7.95,110.00
23701,15.00,7.42,110.48
23721,15.00,7.11,110.00
23741,15.00,8.13,110.00
23761,15.00,8.19,110.00
23781,15.00,7.70,110.00
23801,15.00,7.54,110.00
23821,15.00,7.98,110.00
23841,15.00,8.24,110.00
23861,15.00,8.39,110.00
23881,15.00,7.95,110.00
23901,15.00,8.35,110.00
23921,15.00,8.47,110.00
23941,15.00,7.99,110.00
23961,15.00,7.85,110.00
23981,15.00,7.76,110.00
24001,15.00,7.71,110.00
24021,15.00,7.68,110.00
24041,15.00,7.66,110.00
24061,15.00,7.65,110.00
24081,15.00,7.64,110.00
24101,15.00,8.17,110.00
24121,15.00,7.95,110.00
24141,15.00,7.96,110.00
24161,15.00,7.82,110.00
24181,15.00,7.35,110.00
24201,15.00,7.06,110.00
24221,15.00,6.90,110.00
24241,15.00,7.33,110.00
24261,15.00,7.59,110.00
24281,15.00,7.87,110.00
24301,15.00,7.51,110.00
24321,15.00,7.29,110.00
24341,15.00,7.70,110.00
24361,15.00,7.94,110.00
24381,15.00,8.08,110.00
24401,15.00,8.17,110.00
24421,15.00,8.22,110.00
24441,15.00,8.24,110.00
24461,15.00,8.26,110.00
24481,15.00,8.27,110.00
24501,15.00,8.28,110.00
24521,15.00,7.75,110.38
24541,15.00,8.64,110.00
24561,15.00,9.03,110.00
24581,15.00,8.32,139.58
24601,15.00,8.44,110.00
24621,15.00,8.38,110.00
24641,15.00,8.34,110.00
24661,15.00,8.32,110.00
24681,15.00,8.31,110.00
24701,15.00,8.30,110.00
24721,15.00,7.63,134.24
24741,15.00,7.23,110.00
24761,15.00,7.53,110.00
24781,15.00,7.71,110.00
24801,15.00,7.28,110.00
24821,15.00,7.03,110.00
24841,15.00,7.28,110.00
24861,15.00,7.02,110.00
24881,15.00,6.87,110.00
24901,15.00,7.32,110.00
24921,15.00,7.58,110.00
24941,15.00,7.74,110.00
24961,15.00,7.29,110.00
24981,15.00,7.03,110.00
25001,15.00,7.55,110.00
25021,15.00,7.85,110.00
25041,15.00,8.16,110.00
25061,15.00,8.35,110.00
25081,15.00,8.99,110.00
25101,15.00,8.84,110.00
25121,15.00,8.35,110.00
25141,15.00,8.06,110.00
25161,15.00,7.88,110.00
25181,15.00,7.78,110.00
25201,15.00,7.72,110.00
25221,15.00,7.69,110.00
25241,15.00,7.66,110.00
25261,15.00,7.12,114.50
25281,15.00,7.33,110.00
25301,15.00,7.99,110.00
25321,15.00,7.31,137.30
25341,15.00,6.92,110.00
25361,15.00,7.34,110.00
25381,15.00,6.93,110.00
25401,15.00,6.68,110.00
25421,15.00,7.08,110.00
25441,15.00,8.37,110.00
25461,15.00,8.47,110.00
25481,15.00,8.53,110.00
25501,15.00,8.03,110.00
25521,15.00,8.27,110.00
25541,15.00,8.41,110.00
25561,15.00,8.10,110.00
25581,15.00,9.70,110.00
25601,15.00,9.39,110.00
25621,15.00,9.07,110.00
25641,15.00,8.89,110.00
25661,15.00,8.91,110.00
25681,15.00,8.79,110.00
25701,15.00,8.32,110.00
25721,15.00,8.04,110.00
25741,15.00,7.88,110.00
25761,15.00,7.25,129.97
25781,15.00,7.41,110.00
25801,15.00,7.50,110.00
25821,15.00,7.02,110.00
25841,15.00,6.74,110.00
25861,15.00,6.70,110.00
25881,15.00,7.22,110.00
25901,15.00,6.85,110.00
25921,15.00,6.77,110.00
25941,15.00,7.27,110.00
25961,15.00,7.55,110.00
25981,15.00,7.19,110.00
26001,15.00,6.97,110.00
26021,15.00,6.84,110.00
26041,15.00,6.77,110.00
26061,15.00,6.72,110.00
26081,15.00,7.90,110.00
26101,15.00,8.06,110.00
26121,15.00,8.15,110.00
26141,15.00,7.67,110.00
26161,15.00,8.06,110.00
26181,15.00,9.53,110.00
26201,15.00,7.16,200.00
26221,15.00,7.62,110.00
26241,15.00,7.23,110.00
26261,15.00,7.00,110.00
26281,15.00,6.73,110.00
26301,15.00,7.50,110.00
26321,15.00,9.06,110.00
26341,15.00,8.08,189.71
26361,15.00,7.50,120.39
26381,15.00,7.95,110.00
26401,15.00,8.09,110.00
26421,15.00,7.37,144.75
26441,15.00,7.34,110.00
26461,15.00,7.73,110.00
26481,15.00,7.82,110.00
26501,15.00,7.75,110.00
26521,15.00,8.10,110.00
26541,15.00,8.18,110.00
26561,15.00,8.09,110.00
26581,15.00,8.04,110.00
26601,15.00,8.01,110.00
26621,15.00,8.12,110.00
26641,15.00,8.19,110.00
26661,15.00,8.23,110.00
26681,15.00,8.39,110.00
26701,15.00,8.08,110.00
26721,15.00,7.90,110.00
26741,15.00,7.39,110.00
26761,15.00,7.76,110.00
26781,15.00,8.11,110.00
26801,15.00,7.91,110.00
26821,15.00,7.27,132.39
26841,15.00,7.55,110.00
26861,15.00,7.18,110.00
26881,15.00,6.97,110.00
26901,15.00,7.51,110.00
26921,15.00,7.83,110.00
26941,15.00,8.01,110.00
26961,15.00,7.73,110.00
26981,15.00,7.69,110.00
27001,15.00,7.67,110.00
27021,15.00,7.12,115.01
27041,15.00,7.33,110.00
27061,15.00,7.06,110.00
27081,15.00,6.89,110.00
27101,15.00,7.33,110.00
27121,15.00,7.59,110.00
27141,15.00,7.87,110.00
27161,15.00,7.51,110.00
27181,15.00,7.29,110.00
27201,15.00,7.70,110.00
27221,15.00,11.98,110.00
27241,15.00,10.47,200.00
27261,15.00,9.58,171.04
27281,15.00,9.05,110.00
27301,15.00,8.61,110.00
27321,15.00,8.61,110.00
27341,15.00,7.81,158.22
27361,15.00,7.75,110.00
27381,15.00,7.97,110.00
27401,15.00,7.96,110.00
27421,15.00,8.23,110.00
27441,15.00,7.59,131.31
27461,15.00,8.01,110.00
27481,15.00,8.65,110.00
27501,15.00,8.37,110.00
27521,15.00,8.60,110.00
27541,15.00,8.74,110.00
27561,15.00,8.82,110.00
27581,15.00,8.87,110.00
27601,15.00,8.50,110.00
27621,15.00,8.41,110.00
27641,15.00,8.49,110.00
27661,15.00,8.14,110.00
27681,15.00,7.53,125.24
27701,15.00,7.84,110.00
27721,15.00,8.16,110.00
27741,15.00,7.94,110.00
27761,15.00,7.82,110.00
27781,15.00,7.34,110.00
27801,15.00,7.60,110.00
27821,15.00,7.88,110.00
27841,15.00,7.65,110.00
27861,15.00,7.64,110.00
27881,15.00,7.64,110.00
27901,15.00,7.24,110.00
27921,15.00,7.53,110.00
27941,15.00,7.84,110.00
27961,15.00,8.02,110.00
27981,15.00,8.26,110.00
28001,15.00,8.41,110.00
28021,15.00,9.16,110.00
28041,15.00,8.54,124.85
28061,15.00,8.17,110.00
28081,15.00,7.95,110.00
28101,15.00,7.82,110.00
28121,15.00,7.21,126.33
28141,15.00,7.52,110.00
28161,15.00,7.71,110.00
28181,15.00,7.28,110.00
28201,15.00,7.03,110.00
28221,15.00,7.41,110.00
28241,15.00,7.50,110.00
28261,15.00,7.16,110.00
28281,15.00,6.96,110.00
28301,15.00,7.37,110.00
28321,15.00,7.08,110.00
28341,15.00,6.90,110.00
28361,15.00,6.80,110.00
28381,15.00,7.28,110.00
28401,15.00,7.69,110.00
28421,15.00,7.93,110.00
28441,15.00,23.49,110.00
28461,15.00,17.94,200.00
28481,15.00,13.46,200.00
28501,15.00,11.35,200.00
28521,15.00,9.83,200.00
28541,15.00,9.33,110.00
28561,15.00,8.64,138.50
28581,15.00,7.83,160.41
28601,15.00,8.02,110.00
28621,15.00,7.99,110.00
28641,15.00,8.38,110.00
28661,15.00,8.88,110.00
28681,15.00,9.18,110.00
28701,15.00,9.21,110.00
28721,15.00,9.93,110.00
28741,15.00,10.50,110.00
28761,15.00,11.12,110.00
28781,15.00,11.49,110.00
28801,15.00,11.71,110.00
28821,15.00,11.84,110.00
28841,15.00,11.48,110.00
28861,15.00,11.41,110.00
28881,15.00,11.09,110.00
28901,15.00,11.19,110.00
28921,15.00,10.96,110.00
28941,15.00,11.25,110.00
28961,15.00,11.13,110.00
28981,15.00,10.77,110.00
29001,15.00,10.42,110.00
29021,15.00,9.95,110.00
29041,15.00,9.94,110.00
29061,15.00,9.66,110.00
29081,15.00,9.23,110.00
29101,15.00,9.25,110.00
29121,15.00,9.13,110.00
29141,15.00,8.78,110.00
29161,15.00,8.32,110.00
29181,15.00,7.64,138.12
29201,15.00,7.50,110.00
29221,15.00,7.03,110.00
29241,15.00,7.41,110.00
29261,15.00,7.77,110.00
29281,15.00,7.99,110.00
29301,15.00,8.78,110.00
29321,15.00,8.71,110.00
29341,15.00,8.80,110.00
29361,15.00,8.33,110.00
29381,15.00,8.04,110.00
29401,15.00,7.88,110.00
29421,15.00,7.78,110.00
29441,15.00,7.32,110.00
29461,15.00,7.58,110.00
29481,15.00,7.74,110.00
29501,15.00,7.29,110.00
29521,15.00,7.04,110.00
29541,15.00,7.55,110.00
29561,15.00,7.85,110.00
29581,15.00,8.57,110.00
29601,15.00,8.45,110.00
29621,15.00,9.77,110.00
29641,15.00,9.30,110.00
29661,15.00,9.03,110.00
29681,15.00,8.86,110.00
29701,15.00,8.76,110.00
29721,15.00,8.83,110.00
29741,15.00,8.34,110.00
29761,15.00,8.59,110.00
29781,15.00,8.73,110.00
29801,15.00,7.89,165.80
29821,15.00,7.38,110.00
29841,15.00,7.09,110.00
29861,15.00,6.91,110.00
29881,15.00,7.21,110.00
29901,15.00,6.85,110.00
29921,15.00,7.17,110.00
29941,15.00,7.36,110.00
29961,15.00,8.01,110.00
29981,15.00,10.47,110.00
30001,15.00,9.32,200.00
30021,15.00,9.04,110.00
30041,15.00,8.86,110.00
30061,15.00,8.63,110.00
30081,15.00,7.82,159.81
30101,15.00,7.74,110.00
30121,15.00,7.97,110.00
30141,15.00,7.96,110.00
30161,15.00,7.83,110.00
30181,15.00,8.02,110.00
30201,15.00,7.46,116.79
30221,15.00,7.54,110.00
30241,15.00,7.44,110.00
30261,15.00,7.92,110.00
30281,15.00,8.07,110.00
30301,15.00,8.16,110.00
30321,15.00,7.81,110.00
30341,15.00,7.74,110.00
30361,15.00,7.70,110.00
30381,15.00,7.27,110.00
30401,15.00,7.02,110.00
30421,15.00,7.54,110.00
30441,15.00,7.98,110.00
30461,15.00,7.71,110.00
30481,15.00,7.15,117.94
30501,15.00,7.35,110.00
30521,15.00,7.07,110.00
30541,15.00,6.91,110.00
30561,15.00,7.47,110.00
30581,15.00,7.80,110.00
30601,15.00,8.00,110.00
30621,15.00,8.79,110.00
30641,15.00,6.71,200.00
30661,15.00,7.62,110.00
30681,15.00,8.03,110.00
30701,15.00,8.13,110.00
30721,15.00,7.53,125.20
30741,15.00,7.17,110.00
30761,15.00,6.83,110.00
30781,15.00,7.56,110.00
30801,15.00,7.86,110.00
30821,15.00,7.50,110.00
30841,15.00,7.15,110.00
30861,15.00,6.95,110.00
30881,15.00,7.36,110.00
30901,15.00,7.61,110.00
30921,15.00,7.89,110.00
30941,15.00,8.19,110.00
30961,15.00,7.96,110.00
30981,15.00,7.83,110.00
31001,15.00,7.75,110.00
31021,15.00,7.84,110.00
31041,15.00,7.50,110.00
31061,15.00,7.96,110.00
31081,15.00,8.23,110.00
31101,15.00,8.52,110.00
31121,15.00,8.16,110.00
31141,15.00,7.42,149.42
31161,15.00,7.51,110.00
31181,15.00,7.56,110.00
31201,15.00,7.59,110.00
31221,15.00,7.61,110.00
31241,15.00,7.63,110.00
31261,15.00,7.64,110.00
31281,15.00,7.64,110.00
31301,15.00,8.70,110.00
31321,15.00,8.27,110.00
31341,15.00,8.01,110.00
31361,15.00,7.86,110.00
31381,15.00,7.77,110.00
31401,15.00,7.71,110.00
31421,15.00,7.69,110.00
31441,15.00,6.60,200.00
31461,15.00,7.02,110.00
31481,15.00,7.27,110.00
31501,15.00,7.42,110.00
31521,15.00,7.91,110.00
31541,15.00,8.06,110.00
31561,15.00,7.49,120.31
31581,15.00,7.68,110.00
31601,15.00,7.80,110.00
31621,15.00,7.74,110.00
31641,15.00,7.17,119.71
31661,15.00,6.82,110.00
31681,15.00,7.16,110.00
31701,15.00,7.36,110.00
31721,15.00,7.07,110.00
31741,15.00,6.90,110.00
31761,15.00,6.81,110.00
31781,15.00,6.75,110.00
31801,15.00,7.25,110.00
31821,15.00,7.67,110.00
31841,15.00,7.93,110.00
31861,15.00,8.21,110.00
31881,15.00,8.37,110.00
31901,15.00,8.47,110.00
31921,15.00,8.13,110.00
31941,15.00,8.46,110.00
31961,15.00,7.59,172.06
31981,15.00,7.74,110.00
32001,15.00,7.70,110.00
32021,15.00,7.67,110.00
32041,15.00,7.66,110.00
32061,15.00,8.05,110.00
32081,15.00,8.29,110.00
32101,15.00,8.95,110.00
32121,15.00,8.81,110.00
32141,15.00,8.73,110.00
32161,15.00,8.68,110.00
32181,15.00,8.79,110.00
32201,15.00,8.32,110.00
