Tiempo(ms),PWM,Altura(cm)
20,133,12.07
40,133,12.06
60,133,12.06
80,133,12.07
100,133,12.06
120,133,12.06
140,133,12.64
160,133,12.26
180,133,12.75
201,133,12.47
220,133,13.02
240,133,12.63
260,133,12.40
280,133,12.27
300,133,12.18
320,133,12.13
340,133,12.10
380,133,12.09
400,133,11.93
420,133,11.99
440,133,12.02
460,133,12.18
480,133,12.14
500,133,12.11
520,133,12.09
540,133,12.08
560,133,12.22
580,133,12.30
600,133,12.20
620,133,12.29
640,133,12.34
660,133,12.38
680,133,12.39
700,133,12.40
720,133,12.41
740,133,12.41
760,133,12.41
780,133,11.54
800,133,11.90
820,133,11.97
841,133,12.00
860,133,12.02
880,133,12.04
900,133,12.05
920,133,12.05
940,133,12.06
960,133,12.06
980,133,12.64
1000,133,12.98
1020,133,13.18
1040,133,12.72
1060,133,12.45
1080,133,12.29
1100,133,12.19
1120,133,12.13
1140,133,12.11
1160,133,12.09
1180,133,12.08
1200,133,11.93
1220,133,12.56
1240,133,12.36
1260,133,12.23
1280,133,12.74
1300,133,13.04
1320,133,12.64
1340,133,12.41
1360,133,12.41
1380,133,12.26
1400,133,12.18
1420,133,12.13
1440,133,12.10
1460,133,12.66
1481,133,12.42
1500,133,12.85
1520,133,13.10
1540,133,13.26
1560,133,12.77
1580,133,13.05
1600,133,13.23
1620,133,12.76
1640,133,12.47
1660,133,12.30
1680,133,12.20
1700,133,12.14
1720,133,12.10
1740,133,12.09
1760,133,12.08
1780,133,12.79
1800,133,12.64
1820,133,12.55
1840,133,12.49
1860,133,12.46
1880,133,12.44
1900,133,12.43
1920,133,12.28
1940,133,12.19
1960,133,12.71
1980,133,13.02
2000,133,13.20
2020,133,13.32
2040,133,13.24
2060,133,13.19
2080,133,13.30
2100,133,13.37
2140,133,13.56
2160,133,13.52
2180,133,13.50
2200,133,13.50
2220,133,13.48
2240,133,13.48
2260,133,13.33
2280,133,13.39
2300,133,13.42
2320,133,13.44
2340,133,13.46
2360,133,13.32
2380,133,13.24
2400,133,13.19
2420,133,13.01
2440,133,12.91
2460,133,12.85
2480,133,12.97
2500,133,13.03
2520,133,13.07
2540,133,13.09
2560,133,13.25
2580,133,13.35
2600,133,13.39
2620,133,13.42
2640,133,12.87
2660,133,12.54
2680,133,13.06
2700,133,12.80
2720,133,13.22
2740,133,13.47
2761,133,13.61
2780,133,13.70
2800,133,13.75
2820,133,13.78
2840,133,13.80
2860,133,13.09
2880,133,12.67
2900,133,12.42
2920,133,12.85
2940,133,13.11
2960,133,13.11
2980,133,13.12
3000,133,13.12
3020,133,13.12
3040,133,13.12
3060,133,13.12
3080,133,13.12
3100,133,13.13
3120,133,12.26
3140,133,12.61
3160,133,12.96
3180,133,13.17
3200,133,13.30
3220,133,13.52
3240,133,12.92
3260,133,12.57
3280,133,13.08
3300,133,12.67
3320,133,13.14
3340,133,13.42
3360,133,13.44
3380,133,13.31
3401,133,13.23
3420,133,13.34
3440,133,13.25
3460,133,13.34
3480,133,13.40
3500,133,13.43
3520,133,13.45
3540,133,13.46
3560,133,13.31
3580,133,13.23
3600,133,13.19
3620,133,13.16
3640,133,13.14
3660,133,13.13
3680,133,13.13
3700,133,13.27
3720,133,13.35
3740,133,13.41
3760,133,12.85
3780,133,12.53
3800,133,12.34
3820,133,12.23
3840,133,12.73
3860,133,13.03
3880,133,13.22
3900,133,13.33
3920,133,13.39
3940,133,13.42
3960,133,12.87
3980,133,12.54
4000,133,12.35
4020,133,12.23
4041,133,12.16
4060,133,12.12
4080,133,12.09
4100,133,11.94
4120,133,11.99
4140,133,12.59
4160,133,12.37
4180,133,12.25
4200,133,12.17
4220,133,12.27
4240,133,12.33
4260,133,12.22
4280,133,12.15
4300,133,12.12
4320,133,12.10
4340,133,12.08
4360,133,12.22
4380,133,12.16
4400,133,12.12
4420,133,12.10
4440,133,12.08
4460,133,12.08
4480,133,12.07
4500,133,12.07
4520,133,12.06
4540,133,12.63
4560,133,12.26
4580,133,12.02
4600,133,12.62
4620,133,12.40
4640,133,12.25
4660,133,12.17
4681,133,12.12
4700,133,12.10
4720,133,12.08
4740,133,12.65
4760,133,12.99
4780,133,13.19
4800,133,13.31
4820,133,13.38
4840,133,13.42
4860,133,13.59
4880,133,13.69
4900,133,13.03
4920,133,13.35
4940,133,12.82
4960,133,12.65
4980,133,12.56
5000,133,12.50
5020,133,12.47
5040,133,12.44
5080,133,12.29
5100,133,12.20
5120,133,12.87
5140,133,12.53
5160,133,13.06
5180,133,12.80
5200,133,12.64
5220,133,12.55
5240,133,13.07
5260,133,13.38
5280,133,13.42
5300,133,13.44
5321,133,13.45
5340,133,13.46
5360,133,13.47
5380,133,13.47
5400,133,13.47
5420,133,12.90
5440,133,12.56
5460,133,12.35
5480,133,11.50
5500,133,11.73
5520,133,12.59
5540,133,13.10
5560,133,13.39
5580,133,12.99
5600,133,12.76
5620,133,13.34
5640,133,12.96
5660,133,12.74
5680,133,12.61
5700,133,13.11
5720,133,12.68
5740,133,12.43
5760,133,12.85
5800,133,13.10
5820,133,13.25
5840,133,13.49
5860,133,13.63
5880,133,13.56
5900,133,13.67
5920,133,13.59
5940,133,13.55
5961,133,13.52
5980,133,13.50
6000,133,13.49
6020,133,13.48
6040,133,13.48
6060,133,13.48
6100,133,13.47
6120,133,13.47
6140,133,13.47
6160,133,13.48
6180,133,13.47
6200,133,13.47
6220,133,13.47
6240,133,13.47
6260,133,13.47
6280,133,13.47
6300,133,13.47
6320,133,13.47
6340,133,13.47
6360,133,13.47
6380,133,13.33
6400,133,13.24
6420,133,13.19
6440,133,13.16
6460,133,13.29
6480,133,13.36
6500,133,13.41
6520,133,13.44
6540,133,12.88
6560,133,13.12
6580,133,13.26
6601,133,13.34
6620,133,13.40
6640,133,13.43
6660,133,13.45
6680,133,13.46
6700,133,13.31
6720,133,13.23
6740,133,13.19
6760,133,13.16
6780,133,13.00
6800,133,11.48
6820,133,12.01
6840,133,12.46
6860,133,12.73
6880,133,12.89
6900,133,13.13
6920,133,13.27
6940,133,13.35
6960,133,13.40
6980,133,13.29
7000,133,13.22
7020,133,13.17
7040,133,13.15
7060,133,13.29
7080,133,13.36
7100,133,13.41
7120,133,13.44
7140,133,13.46
7160,133,13.47
7180,133,13.47
7200,133,12.89
7220,133,13.27
7241,133,13.49
7260,133,12.91
7280,133,13.14
7300,133,13.42
7320,133,13.59
7340,133,13.69
7360,133,13.17
7380,133,13.58
7420,133,13.10
7440,133,12.82
7460,133,12.66
7480,133,12.56
7500,133,13.22
7520,133,13.61
7540,133,13.13
7560,133,12.84
7580,133,12.66
7600,133,13.14
7620,133,13.42
7640,133,12.87
7660,133,13.11
7680,133,13.40
7700,133,13.58
7720,133,13.10
7740,133,13.40
7760,133,12.86
7780,133,12.53
7800,133,12.91
7820,133,12.13
7840,133,12.11
7860,133,12.09
7881,133,12.07
7900,133,12.64
7920,133,12.99
7940,133,12.61
7960,133,12.39
7980,133,12.98
8000,133,12.61
8020,133,12.53
8040,133,12.48
8060,133,12.46
8080,133,12.44
8100,133,12.43
8120,133,12.42
8140,133,12.28
8160,133,12.33
8180,133,12.37
8200,133,13.11
8220,133,12.83
8240,133,12.66
8260,133,12.56
8280,133,12.50
8300,133,12.32
8320,133,12.94
8340,133,13.30
8360,133,13.52
8380,133,13.50
8400,133,13.49
8420,133,13.49
8440,133,13.48
8460,133,12.90
8480,133,13.14
8500,133,12.70
8521,133,13.01
8540,133,13.20
8560,133,13.31
8580,133,13.38
8600,133,13.28
8620,133,13.36
8640,133,13.40
8660,133,13.44
8680,133,13.45
8700,133,13.60
8720,133,13.69
8740,133,13.02
8760,133,12.63
8780,133,12.40
8800,133,12.26
8820,133,12.18
8840,133,12.71
8860,133,13.02
8880,133,13.21
8900,133,13.32
8920,133,13.38
8940,133,13.42
8960,133,13.45
8980,133,13.45
9000,133,13.61
9020,133,13.70
9040,133,13.02
9060,133,12.77
9080,133,12.49
9100,133,12.31
9120,133,12.93
9140,133,13.15
9161,133,13.29
9180,133,13.51
9200,133,13.64
9220,133,13.00
9240,133,12.76
9260,133,12.47
9280,133,12.45
9300,133,12.44
9320,133,12.29
9340,133,12.92
9360,133,12.57
9380,133,12.37
9400,133,12.24
9420,133,12.89
9440,133,13.27
9460,133,12.77
9480,133,13.06
9500,133,13.23
9520,133,13.33
9540,133,13.39
9560,133,13.28
9580,133,13.21
9600,133,13.32
9620,133,13.39
9640,133,13.42
9660,133,13.45
9680,133,13.46
9700,133,13.46
9720,133,13.32
9740,133,13.24
9760,133,13.19
9780,133,13.16
9801,133,13.14
9820,133,13.13
9840,133,13.13
9860,133,13.27
9880,133,13.21
9900,133,13.32
9920,133,13.38
9940,133,13.41
9960,133,13.58
9980,133,13.54
10000,146,13.51
10020,146,13.50
10040,146,13.49
10060,146,13.34
10080,146,13.24
10100,146,13.05
10120,146,12.79
10140,146,12.64
10160,146,12.98
10180,146,13.03
10200,146,13.07
10220,146,12.94
10240,146,13.45
10260,146,13.75
10280,146,13.78
10300,146,13.80
10320,146,14.35
10340,146,14.53
10360,146,14.49
10380,146,14.47
10400,146,14.35
10420,146,14.14
10441,146,13.87
10460,146,14.25
10480,146,14.46
10500,146,14.45
10520,146,14.34
10540,146,14.27
10560,146,14.77
10580,146,14.92
10600,146,14.86
10620,146,14.83
10640,146,14.67
10660,146,14.57
10680,146,15.23
10700,146,15.48
10720,146,15.63
10740,146,16.30
10760,146,16.68
10780,146,16.78
10800,146,15.96
10820,146,16.05
10840,146,16.12
10860,146,16.01
10880,146,15.94
10900,146,15.75
10920,146,15.65
10940,146,15.44
10960,146,15.31
10980,146,15.82
11000,146,15.39
11020,146,15.72
11040,146,15.77
11081,146,15.80
11100,146,15.67
11120,146,15.59
11140,146,15.56
11160,146,15.53
11180,146,14.97
11200,146,15.18
11220,146,15.16
11240,146,15.29
11260,146,15.37
11280,146,15.42
11300,146,15.30
11320,146,15.22
11340,146,15.77
11360,146,16.09
11380,146,16.27
11400,146,16.38
11420,146,16.44
11440,146,15.91
11460,146,15.59
11480,146,15.41
11500,146,15.44
11520,146,15.32
11540,146,15.38
11560,146,15.42
11580,146,15.46
11600,146,15.47
11620,146,15.47
11640,146,15.48
11660,146,15.49
11680,146,15.49
11700,146,16.06
11721,146,16.26
11740,146,16.38
11760,146,16.45
11800,146,16.49
11820,146,16.37
11840,146,16.29
11860,146,16.25
11880,146,16.23
11900,146,16.22
11920,146,16.20
11940,146,16.06
11960,146,15.97
11980,146,14.81
12000,146,13.54
12020,146,14.34
12040,146,14.81
12060,146,15.66
12100,146,16.17
12120,146,16.32
12140,146,16.55
12160,146,16.70
12180,146,16.79
12200,146,16.83
12220,146,16.72
12240,146,16.65
12260,146,16.61
12280,146,16.59
12300,146,16.56
12320,146,16.55
12340,146,16.55
12361,146,16.40
12400,146,16.46
12420,146,16.50
12440,146,16.37
12460,146,16.45
12480,146,16.49
12500,146,16.51
12520,146,16.53
12540,146,16.54
12560,146,16.54
12580,146,16.55
12600,146,16.41
12620,146,16.32
12640,146,16.13
12660,146,16.72
12680,146,17.08
12700,146,17.28
12720,146,16.83
12740,146,16.43
12760,146,16.19
12780,146,16.05
12820,146,16.54
12840,146,16.69
12860,146,16.77
12880,146,16.83
12900,146,16.72
12920,146,16.64
12940,146,16.46
12960,146,16.92
12980,146,17.05
13001,146,17.14
13020,146,17.18
13040,146,17.21
13060,146,17.08
13080,146,17.01
13120,146,17.11
13140,146,17.03
13160,146,16.97
13180,146,16.95
13200,146,17.08
13220,146,17.00
13240,146,16.96
13260,146,16.79
13280,146,16.84
13300,146,17.27
13320,146,17.53
13340,146,17.68
13360,146,17.22
13380,146,16.95
13400,146,17.33
13420,146,17.16
13440,146,17.05
13460,146,16.99
13480,146,17.10
13500,146,17.16
13520,146,17.20
13540,146,17.22
13560,146,17.23
13580,146,17.24
13600,146,17.25
13620,146,17.25
13641,146,17.26
13660,146,17.26
13680,146,17.25
13700,146,17.39
13720,146,17.46
13740,146,17.51
13760,146,17.53
13780,146,17.55
13800,146,17.56
13820,146,17.56
13840,146,17.57
13860,146,17.57
13880,146,17.44
13900,146,17.50
13920,146,17.40
13940,146,17.20
13960,146,17.07
13980,146,17.15
14000,146,17.05
14020,146,17.00
14040,146,16.96
14060,146,16.93
14080,146,16.78
14100,146,16.68
14120,146,17.18
14140,146,17.35
14160,146,17.44
14180,146,17.50
14200,146,17.53
14220,146,17.42
14240,146,17.35
14260,146,17.30
14281,146,17.28
14300,146,17.27
14320,146,17.27
14360,146,17.78
14380,146,17.56
14400,146,17.44
14420,146,17.36
14440,146,17.32
14460,146,17.15
14480,146,17.19
14500,146,17.61
14520,146,17.47
14540,146,17.37
14560,146,17.71
14580,146,17.39
14600,146,17.19
14620,146,17.07
14640,146,17.53
14660,146,17.82
14680,146,17.98
14700,146,17.94
14720,146,18.06
14740,146,17.99
14760,146,17.95
14780,146,17.92
14800,146,17.91
14820,146,17.91
14840,146,17.91
14860,146,17.77
14880,146,17.69
14900,146,17.64
14921,146,17.61
14940,146,17.59
14960,146,17.58
14980,146,17.58
15000,146,17.57
15020,146,17.71
15040,146,17.78
15060,146,17.70
15080,146,17.78
15100,146,17.83
15120,146,17.86
15140,146,17.87
15180,146,17.88
15200,146,17.89
15220,146,18.03
15240,146,18.11
15260,146,18.15
15280,146,18.05
15300,146,17.98
15320,146,17.95
15340,146,17.93
15360,146,17.91
15380,146,17.77
15400,146,17.70
15420,146,17.64
15440,146,17.62
15480,146,17.60
15500,146,17.71
15520,146,17.79
15540,146,17.83
15561,146,17.86
15580,146,17.47
15600,146,17.78
15620,146,17.42
15640,146,17.21
15660,146,17.22
15680,146,17.09
15700,146,17.01
15720,146,16.96
15740,146,17.48
15760,146,17.65
15780,146,17.75
15800,146,17.81
15820,146,17.85
15840,146,17.73
15860,146,17.67
15880,146,17.63
15900,146,17.60
15920,146,17.46
15940,146,17.37
15960,146,17.72
15980,146,17.93
16000,146,17.91
16020,146,17.91
16040,146,17.90
16060,146,18.03
16080,146,17.97
16100,146,17.93
16120,146,17.92
16140,146,17.91
16160,146,17.90
16180,146,17.90
16201,146,17.90
16220,146,17.90
16240,146,17.90
16260,146,17.90
16280,146,17.90
16300,146,17.89
16320,146,17.89
16340,146,18.03
16360,146,18.11
16380,146,18.16
16400,146,18.05
16420,146,17.99
16440,146,17.95
16460,146,17.93
16500,146,17.92
16520,146,17.91
16540,146,17.90
16560,146,17.90
16580,146,17.90
16600,146,17.90
16620,146,17.90
16640,146,17.90
16660,146,17.90
16720,146,17.76
16740,146,18.08
16760,146,18.26
16800,146,18.25
16820,146,18.24
16841,146,18.23
16860,146,18.35
16880,146,18.30
16900,146,18.40
16920,146,17.93
16940,146,17.66
16960,146,17.49
16980,146,17.92
17000,146,17.78
17020,146,17.69
17040,146,17.64
17060,146,17.75
17100,146,17.81
17120,146,17.84
17140,146,18.53
17160,146,18.40
17180,146,18.33
17200,146,18.29
17220,146,18.25
17240,146,18.23
17260,146,17.84
17280,146,17.60
17300,146,17.46
17320,146,17.77
17340,146,17.95
17360,146,18.06
17380,146,18.13
17400,146,18.03
17420,146,17.98
17440,146,17.94
17460,146,17.92
17481,146,17.79
17520,146,17.70
17540,146,17.65
17560,146,17.48
17580,146,17.91
17600,146,18.04
17620,146,18.12
17640,146,18.15
17660,146,18.18
17680,146,18.20
17700,146,18.20
17720,146,18.21
17740,146,18.22
17760,146,18.22
17780,146,18.21
17820,146,18.35
17840,146,18.29
17860,146,18.26
17880,146,18.25
17900,146,18.25
17920,146,18.24
17940,146,18.10
17960,146,18.02
17980,146,17.97
18000,146,17.94
18020,146,17.92
18040,146,17.78
18060,146,17.69
18080,146,18.17
18100,146,18.46
18121,146,18.63
18140,146,18.73
18160,146,19.18
18180,146,18.92
18200,146,18.77
18220,146,17.14
18240,146,17.58
18260,146,17.84
18280,146,18.00
18300,146,18.49
18320,146,18.77
18340,146,18.40
18360,146,18.20
18380,146,18.60
18400,146,18.84
18420,146,18.98
18440,146,19.06
18460,146,18.71
18480,146,18.51
18500,146,18.40
18520,146,18.33
18540,146,18.28
18560,146,18.26
18580,146,18.64
18600,146,18.86
18620,146,19.00
18640,146,19.08
18660,146,18.59
18680,146,18.84
18700,146,18.98
18720,146,18.66
18740,146,18.48
18761,146,18.37
18780,146,18.31
18800,146,18.28
18820,146,18.26
18840,146,18.24
18860,146,18.22
18880,146,18.09
18900,146,19.07
18920,146,18.59
18940,146,18.31
18960,146,18.14
18980,146,18.57
19000,146,18.29
19020,146,18.13
19060,146,18.17
19080,146,18.19
19100,146,18.21
19120,146,18.21
19140,146,18.22
19160,146,18.21
19180,146,18.22
19200,146,18.22
19220,146,18.75
19240,146,18.53
19260,146,18.40
19280,146,18.33
19300,146,18.15
19320,146,18.05
19340,146,18.51
19360,146,18.66
19380,146,18.87
19401,146,18.87
19420,146,19.00
19440,146,19.08
19460,146,18.59
19480,146,18.83
19500,146,18.98
19520,146,19.06
19540,146,19.12
19560,146,19.14
19580,146,19.16
19600,146,19.17
19620,146,19.18
19640,146,19.18
19660,146,18.66
19680,146,18.74
19700,146,18.79
19720,146,18.83
19740,146,18.84
19760,146,18.85
19780,146,18.85
19800,146,18.86
19820,146,18.86
19840,146,18.73
19880,146,18.65
19900,146,18.60
19920,146,18.98
19940,146,19.20
19960,146,18.79
19980,146,19.08
20000,146,19.26
20020,146,19.37
20041,146,19.43
20060,146,19.46
20080,146,19.49
20100,146,19.49
20120,146,18.97
20140,146,19.20
20160,146,19.33
20180,146,18.88
20200,146,18.74
20220,146,19.06
20240,146,18.85
20260,146,18.72
20280,146,18.64
20300,146,18.61
20320,146,18.58
20340,146,18.56
20360,146,18.55
20380,146,18.54
20400,146,18.54
20420,146,18.54
20440,146,18.67
20460,146,18.75
20480,146,18.40
20500,146,18.72
20520,146,18.91
20540,146,19.16
20580,146,18.90
20600,146,18.76
20620,146,18.68
20640,146,18.62
20660,146,18.73
20681,146,18.78
20700,146,18.82
20720,146,18.31
20740,146,18.54
20760,146,18.68
20780,146,18.75
20800,146,18.40
20820,146,18.20
20840,146,18.07
20860,146,18.00
20880,146,18.49
20900,146,18.25
20920,146,18.50
20940,146,18.65
20960,146,18.73
20980,146,18.26
21000,146,17.98
21020,146,18.20
21040,146,18.35
21060,146,18.30
21080,146,18.27
21100,146,18.25
21120,146,18.24
21140,146,18.63
21160,146,18.33
21200,146,18.15
21220,146,18.05
21240,146,18.51
21260,146,18.79
21280,146,18.42
21300,146,18.20
21321,146,18.60
21340,146,18.85
21360,146,18.99
21420,146,18.54
21440,146,18.28
21460,146,18.12
21500,146,18.16
21520,146,18.18
21540,146,18.33
21560,146,18.42
21580,146,18.47
21600,146,18.50
21620,146,18.51
21640,146,18.52
21660,146,18.53
21680,146,18.53
21700,146,18.53
21720,146,18.14
21740,146,17.91
21760,146,18.30
21800,146,18.00
21820,146,17.82
21840,146,18.25
21860,146,18.50
21880,146,18.65
21900,146,18.60
21920,146,18.57
21940,146,18.56
21961,146,18.55
21980,146,18.54
22000,146,18.54
22020,146,18.54
22040,146,18.54
22060,146,18.54
22080,146,18.55
22100,146,18.01
22120,146,18.23
22140,146,18.35
22160,146,18.43
22180,146,18.48
22220,146,18.11
22240,146,17.89
22260,146,18.29
22280,146,18.53
22300,146,18.54
22320,146,18.54
22340,146,18.54
22360,146,18.54
22380,146,18.55
22400,146,18.41
22420,146,18.33
22440,146,18.29
22460,146,18.26
22480,146,18.25
22520,146,18.23
22540,146,18.22
22560,146,18.22
22580,146,18.62
22601,146,18.86
22620,146,18.47
22640,146,18.76
22660,146,18.94
22680,146,18.51
22700,146,18.79
22720,146,18.95
22740,146,19.05
22760,146,18.97
22780,146,18.93
22800,146,18.91
22820,146,18.89
22840,146,18.88
22860,146,18.88
22880,146,18.88
22900,146,18.87
22920,146,18.87
22940,146,18.87
22960,146,18.87
22980,146,18.87
23000,146,18.87
23020,146,19.00
23040,146,18.55
23060,146,18.28
23080,146,18.65
23100,146,18.88
23120,146,18.47
23140,146,18.24
23160,146,18.63
23180,146,18.86
23200,146,18.99
23220,146,18.67
23241,146,18.49
23260,146,18.38
23280,146,18.31
23300,146,18.28
23320,146,18.25
23340,146,18.24
23360,146,18.23
23380,146,18.23
23400,146,18.23
23420,146,18.22
23440,146,18.21
23460,146,18.08
23480,146,18.54
23500,146,18.80
23520,146,18.83
23540,146,18.84
23560,146,18.85
23580,146,18.85
23600,146,18.86
23620,146,18.73
23640,146,18.65
23660,146,18.60
23680,146,18.98
23700,146,18.67
23720,146,18.49
23760,146,18.38
23780,146,18.84
23800,146,19.12
23820,146,19.28
23840,146,19.24
23860,146,18.83
23881,146,18.57
23900,146,18.96
23920,146,19.19
23940,146,18.79
23960,146,18.56
23980,146,18.42
24000,146,18.47
24020,146,18.49
24040,146,18.52
24060,146,18.53
24080,146,18.67
24100,146,18.75
24120,146,18.80
24140,146,18.82
24160,146,18.45
24180,146,18.76
24200,146,18.93
24220,146,18.64
24240,146,18.47
24260,146,18.37
24280,146,18.31
24300,146,18.28
24320,146,18.25
24340,146,18.24
24360,146,18.22
24380,146,18.22
24400,146,18.76
24420,146,19.07
24440,146,18.72
24460,146,18.65
24480,146,18.61
24500,146,18.59
24521,146,18.56
24540,146,18.55
24560,146,18.55
24580,146,18.54
24600,146,18.54
24620,146,18.55
24640,146,18.55
24660,146,18.54
24680,146,18.54
24700,146,18.54
24720,146,18.55
24740,146,18.42
24760,146,18.34
24780,146,18.29
24800,146,18.26
24820,146,18.25
24840,146,18.63
24880,146,18.33
24900,146,18.55
24920,146,18.68
24940,146,18.76
24960,146,18.80
24980,146,18.83
25000,146,18.85
25020,146,18.73
25040,146,18.65
25060,146,18.61
25080,146,18.58
25100,146,18.56
25120,146,18.95
25140,146,19.18
25161,146,19.32
25180,146,19.26
25200,146,19.23
25220,146,19.35
25240,146,19.28
25260,146,17.73
25280,146,18.33
25300,146,18.68
25320,146,18.89
25340,146,19.01
25360,146,19.08
25380,146,19.13
25400,146,19.02
25420,146,18.95
25440,146,19.45
25460,146,19.21
25480,146,19.07
25500,146,18.98
25520,146,18.93
25540,146,18.90
25560,146,18.89
25580,146,18.88
25600,146,18.87
25620,146,19.00
25640,146,19.08
25660,146,19.12
25680,146,18.75
25700,146,19.06
25720,146,19.24
25740,146,19.36
25760,146,19.41
25780,146,19.06
25801,146,18.84
25820,146,18.72
25840,146,19.04
25860,146,19.24
25900,146,19.35
25920,146,19.42
25940,146,19.46
25960,146,19.48
25980,146,18.97
26000,146,18.66
26020,146,19.01
26040,146,19.22
26060,146,19.34
26080,146,19.01
26100,146,18.82
26120,146,18.71
26140,146,18.64
26160,146,18.74
26200,146,18.79
26220,146,18.95
26240,146,19.05
26260,146,19.10
26280,146,19.14
26300,146,19.16
26320,146,19.17
26340,146,19.18
26360,146,19.18
26380,146,19.19
26400,146,18.79
26420,146,18.96
26441,146,19.05
26460,146,19.24
26500,146,19.22
26520,146,19.20
26540,146,19.20
26560,146,19.19
26580,146,19.19
26600,146,19.19
26620,146,18.80
26640,146,18.56
26660,146,18.42
26680,146,18.34
26700,146,18.29
26720,146,18.26
26740,146,18.78
26760,146,19.08
26780,146,18.73
26800,146,18.52
26820,146,18.39
26840,146,18.32
26860,146,18.15
26880,146,18.05
26900,146,18.38
26920,146,18.58
26940,146,18.69
26960,146,18.77
26980,146,18.81
27000,146,18.83
27020,146,18.84
27040,146,18.85
27060,146,18.85
27081,146,18.86
27100,146,18.86
27120,146,18.86
27140,146,18.86
27160,146,18.86
27180,146,19.00
27220,146,18.55
27240,146,18.41
27260,146,18.34
27280,146,18.82
27300,146,18.57
27320,146,18.29
27340,146,18.26
27360,146,18.25
27380,146,18.24
27400,146,18.63
27420,146,18.86
27440,146,18.46
27460,146,18.76
27480,146,18.93
27520,146,19.04
27540,146,18.57
27560,146,18.82
27580,146,18.97
27600,146,17.84
27620,146,17.99
27640,146,18.08
27660,146,18.14
27680,146,18.18
27700,146,18.20
27721,146,18.21
27740,146,18.21
27760,146,18.21
27780,146,18.22
27800,146,18.35
27820,146,18.44
27840,146,18.48
27860,146,18.51
27880,146,18.53
27900,146,18.54
27920,146,18.54
27940,146,18.55
27960,146,18.55
27980,146,18.68
28000,146,18.75
28020,146,18.80
28040,146,18.69
28060,146,18.63
28080,146,18.73
28100,146,18.79
28120,146,18.82
28140,146,18.84
28160,146,18.33
28180,146,18.03
28200,146,18.37
28220,146,18.57
28240,146,18.29
28260,146,18.13
28280,146,18.43
28300,146,18.61
28320,146,18.18
28340,146,17.93
28361,146,18.31
28380,146,18.54
28400,146,18.55
28420,146,18.55
28460,146,18.55
28480,146,18.42
28500,146,18.34
28520,146,18.29
28540,146,18.26
28560,146,18.24
28580,146,18.76
28600,146,18.54
28620,146,18.41
28640,146,18.32
28660,146,18.28
28680,146,18.26
28700,146,18.64
28720,146,18.86
28740,146,19.00
28760,146,19.08
28780,146,19.12
28800,146,19.15
28820,146,19.17
28840,146,19.04
28860,146,19.10
28880,146,19.13
28900,146,19.16
28920,146,19.17
28940,146,19.18
28960,146,19.18
28980,146,19.19
29001,146,18.66
29020,146,18.35
29040,146,18.69
29060,146,18.76
29080,146,18.80
29100,146,18.96
29120,146,19.05
29140,146,18.98
29160,146,18.92
29180,146,18.90
29200,146,18.49
29220,146,18.25
29240,146,18.63
29260,146,18.33
29280,146,18.68
29300,146,18.89
29320,146,19.01
29340,146,19.08
29360,146,18.99
29380,146,18.94
29400,146,18.91
29420,146,18.89
29440,146,18.88
29460,146,18.87
29480,146,18.87
29500,146,18.87
29520,146,18.87
29540,146,19.00
29560,146,19.08
29580,146,19.12
29600,146,19.15
29620,146,19.17
29641,146,19.18
29660,146,19.18
29680,146,19.05
29700,146,18.97
29720,146,18.93
29740,146,18.90
29760,146,18.88
29780,146,18.75
29800,146,18.66
29820,146,18.75
29840,146,18.80
29860,146,18.70
29880,146,18.63
29900,146,19.13
29920,146,19.42
29940,146,18.39
29960,146,17.20
29980,146,17.75
30000,146,18.07
30020,146,18.26
30040,146,18.37
30060,146,18.57
30080,146,18.69
30100,146,18.76
30120,146,18.81
30140,146,19.36
30160,146,19.16
30180,146,19.04
30200,146,18.97
30220,146,18.93
30240,146,18.90
30260,146,18.89
30281,146,18.88
30300,146,18.88
30320,146,18.88
30340,146,18.87
30360,146,18.87
30380,146,18.87
30400,146,18.86
30420,146,18.87
30440,146,18.87
30460,146,18.87
30480,146,18.87
30500,146,18.86
30520,146,18.47
30540,146,18.24
30560,146,18.23
30580,146,18.23
30600,146,18.23
30620,146,18.23
30640,146,18.36
30660,146,18.44
30680,146,18.48
30700,146,18.64
30720,146,18.74
30740,146,18.79
30760,146,18.29
30800,146,18.00
30820,146,17.82
30840,146,17.85
30860,146,17.87
30880,146,17.88
30900,146,17.89
30921,146,17.89
30940,146,18.03
30960,146,18.11
30980,146,18.15
31000,146,18.18
31020,146,18.33
31040,146,18.42
31060,146,18.08
31080,146,17.87
31100,146,17.75
31120,146,17.67
31140,146,17.64
31160,146,18.01
31180,146,17.70
31200,146,17.51
31220,146,17.94
31240,146,18.19
31260,146,18.20
31280,146,18.20
31300,146,18.21
31320,146,18.08
31340,146,18.01
31360,146,18.36
31380,146,18.57
31400,146,18.55
31420,146,18.55
31440,146,18.55
31460,146,18.54
31480,146,18.54
31500,146,18.01
31520,146,18.23
31540,146,18.35
31561,146,18.43
31580,146,18.48
31600,146,18.51
31620,146,18.53
31640,146,18.53
31660,146,18.54
31680,146,18.54
31700,146,18.41
31720,146,18.33
31740,146,18.82
31760,146,19.10
31780,146,18.74
31800,146,18.53
31820,146,18.40
31840,146,18.33
31860,146,18.42
31880,146,18.47
31900,146,18.50
31920,146,18.52
31940,146,18.52
31960,146,18.53
31980,146,18.54
32000,146,18.54
32020,146,18.54
32040,146,18.54
32060,146,18.55
32080,146,18.55
32100,146,18.55
32120,146,18.42
32140,146,18.33
32160,146,18.29
32180,146,18.26
32220,146,18.24
32240,146,18.23
32260,146,18.76
32280,146,18.54
32300,146,17.58
32320,146,17.84
32340,146,18.13
32360,146,18.30
32380,146,18.40
32400,146,18.59
32420,146,18.70
32440,146,18.37
32460,146,18.18
32480,146,18.20
32500,146,18.21
32520,146,18.21
32540,146,18.21
32560,146,18.22
32580,146,18.22
32600,146,18.22
32620,146,18.22
32640,146,18.22
32660,146,18.22
32680,146,18.35
32700,146,18.43
32720,146,18.47
32740,146,17.97
32760,146,18.21
32780,146,18.21
32800,146,18.08
32820,146,18.00
32841,146,17.96
32860,146,17.93
32880,146,18.05
32900,146,18.12
32920,146,18.16
32940,146,18.18
32960,146,18.20
32980,146,18.34
33000,146,18.42
33020,146,17.95
33040,146,18.19
33060,146,17.94
33080,146,17.79
33100,146,17.70
33120,146,16.12
33140,146,16.72
33160,146,17.20
33180,146,17.48
33200,146,17.65
33220,146,17.75
33240,146,17.81
33260,146,17.97
33280,146,18.08
33300,146,18.14
33320,146,17.78
33340,146,17.69
33360,146,17.65
33380,146,17.62
33400,146,17.73
33420,146,17.80
33440,146,17.84
33460,146,17.45
33481,146,17.23
33500,146,17.24
33520,146,17.24
33540,146,17.25
33560,146,17.25
33580,146,17.38
33600,146,17.47
33620,146,17.38
33640,146,17.32
33660,146,17.30
33680,146,17.13
33700,146,17.04
33720,146,17.39
33740,146,17.59
33760,146,17.72
33780,146,17.66
33800,146,17.63
33820,146,18.01
33840,146,17.70
33860,146,17.51
33880,146,17.41
33900,146,17.35
33920,146,17.71
33940,146,17.92
33960,146,17.91
33980,146,17.90
34020,146,17.77
34040,146,17.69
34060,146,17.50
34080,146,17.93
34100,146,18.19
34121,146,18.34
34140,146,18.02
34160,146,17.84
34180,146,17.73
34200,146,17.67
34220,146,17.63
34240,146,17.60
34260,146,17.59
34280,146,17.58
34300,146,17.71
34320,146,17.79
34340,146,17.83
34360,146,17.85
34380,146,17.87
34400,146,17.88
34420,146,17.89
34440,146,17.89
34460,146,17.89
34480,146,17.89
34500,146,17.90
34520,146,17.90
34540,146,17.90
34560,146,17.90
34580,146,17.90
34600,146,17.90
34620,146,17.77
34640,146,17.69
34660,146,16.79
34680,146,17.24
34700,146,17.51
34720,146,17.80
34740,146,17.97
34761,146,17.67
34780,146,17.50
34800,146,17.39
34820,146,17.34
34840,146,17.31
34860,146,17.28
34880,146,17.67
34900,146,17.89
34920,146,18.03
34940,146,17.97
34960,146,17.94
34980,146,17.92
35000,146,17.91
35040,146,18.31
35060,146,18.01
35080,146,17.83
35100,146,18.25
35120,146,18.50
35140,146,18.52
35160,146,18.00
35180,146,18.08
35200,146,18.14
35220,146,18.17
35240,146,18.20
35260,146,18.21
35280,146,18.21
35300,146,18.22
35340,146,18.09
35360,146,18.14
35380,146,18.04
35401,146,17.98
35420,146,18.47
35440,146,18.24
35460,146,18.10
35480,146,18.02
35500,146,17.97
35520,146,17.95
35540,146,17.93
35560,146,17.91
35580,146,17.91
35600,146,18.04
35640,146,18.51
35660,146,18.26
35680,146,18.11
35700,146,18.43
35720,146,18.08
35740,146,17.87
35760,146,18.28
35780,146,18.52
35800,146,18.27
35820,146,18.12
35840,146,18.03
35860,146,17.97
35880,146,17.94
35900,146,17.92
35920,146,18.44
35940,146,18.22
35960,146,18.09
35980,146,17.88
36000,146,17.75
36020,146,17.68
36041,146,17.63
36060,146,18.14
36080,146,18.31
36100,146,18.40
36120,146,18.46
36140,146,18.50
36160,146,18.92
36180,146,18.63
36200,146,18.45
36220,146,18.37
36240,146,18.17
36260,146,18.06
36280,146,17.99
36300,146,17.95
36320,146,17.93
36360,146,18.31
36380,146,18.54
36400,146,18.67
36420,146,18.75
36440,146,18.80
36460,146,18.83
36480,146,18.85
36500,146,18.85
36520,146,18.86
36540,146,18.72
36560,146,18.78
36580,146,18.81
36600,146,18.83
36620,146,18.85
36660,146,18.85
36681,146,18.33
36700,146,18.55
36720,146,18.15
36740,146,18.45
36760,146,18.48
36780,146,18.51
36800,146,18.53
36820,146,18.54
36840,146,18.54
36860,146,18.54
36880,146,18.54
36900,146,18.54
36920,146,18.54
36940,146,18.54
36960,146,18.55
36980,146,18.54
37000,146,18.54
37020,146,17.00
37040,146,17.63
37060,146,18.01
37080,146,18.23
37100,146,18.36
37120,146,18.44
37140,146,18.48
37160,146,18.51
37180,146,18.66
37200,146,18.74
37220,146,18.78
37240,146,18.82
37260,146,18.83
37280,146,18.85
37300,146,18.85
37321,146,18.86
37340,146,18.86
37360,146,18.87
37380,146,18.87
37400,146,18.86
37420,146,18.86
37440,146,18.86
37460,146,18.87
37480,146,18.87
37500,146,18.86
37520,146,18.86
37540,146,18.86
37560,146,18.86
37580,146,18.86
37600,146,18.86
37620,146,18.73
37640,146,18.66
37660,146,18.61
37680,146,18.59
37700,146,18.57
37720,146,18.56
37740,146,18.55
37760,146,18.94
37780,146,19.18
37800,146,18.78
37840,146,18.69
37860,146,18.63
37880,146,18.60
37900,146,18.58
37920,146,18.56
37940,146,18.55
37961,146,18.54
37980,146,18.67
38000,146,18.75
38020,146,18.80
38040,146,18.43
38060,146,18.21
38080,146,18.08
38100,146,18.54
38120,146,18.80
38140,146,18.96
38160,146,19.05
38180,146,18.72
38200,146,18.51
38220,146,18.40
38240,146,18.33
38260,146,18.81
38280,146,19.10
38300,146,19.27
38320,146,18.97
38340,146,18.79
38360,146,18.69
38380,146,18.76
38400,146,18.80
38420,146,18.83
38440,146,18.84
38460,146,18.85
38480,146,18.85
38500,146,18.86
38520,146,18.86
38540,146,18.86
38560,146,18.74
38580,146,18.66
38601,146,18.62
38620,146,18.59
38640,146,18.57
38660,146,18.55
38680,146,18.55
38700,146,18.54
38720,146,18.55
38740,146,18.54
38760,146,18.67
38780,146,18.75
38800,146,18.80
38820,146,18.30
38840,146,18.53
38860,146,18.14
38880,146,17.90
38900,146,18.30
38920,146,18.13
38940,146,18.43
38960,146,18.08
38980,146,18.40
39000,146,18.59
39020,146,18.83
39040,146,18.44
39060,146,18.61
39080,146,18.72
39100,146,18.78
39120,146,18.81
39140,146,18.83
39160,146,18.84
39180,146,18.85
39200,146,18.86
39220,146,18.87
39241,146,18.87
39260,146,18.86
39280,146,18.86
39300,146,18.86
39320,146,18.86
39340,146,18.46
39360,146,17.24
39380,146,17.64
39400,146,17.88
39420,146,18.02
39440,146,18.10
39460,146,18.15
39480,146,18.18
39500,146,18.33
39520,146,18.42
39540,146,18.47
39560,146,18.10
39580,146,17.88
39600,146,18.28
39620,146,18.00
39640,146,17.82
39660,146,17.72
39680,146,17.66
39700,146,17.62
39740,146,17.60
39760,146,17.59
39780,146,17.58
39800,146,17.58
39820,146,18.11
39840,146,18.28
39860,146,17.99
39881,146,18.22
39900,146,18.36
39920,146,18.30
39940,146,18.26
39960,146,18.25
39980,146,18.24
40000,146,18.23
40040,146,18.22
40060,146,18.21
40080,146,18.21
40100,146,18.74
40120,146,19.06
40140,146,18.71
40160,146,18.51
40180,146,18.39
40200,146,18.32
40220,146,18.28
40240,146,18.26
40260,146,18.24
40280,146,18.24
40300,146,18.23
40340,146,18.63
40360,146,18.33
40380,146,18.15
40400,146,18.06
40420,146,17.99
40440,146,17.95
40460,146,17.93
40480,146,17.92
40500,146,18.30
40521,146,18.00
40540,146,18.35
40560,146,18.57
40580,146,18.55
40600,146,18.55
40620,146,18.68
40640,146,18.76
40660,146,18.80
40680,146,18.83
40700,146,18.98
40720,146,19.06
40760,146,18.72
40780,146,18.52
40800,146,18.40
40820,146,18.33
40840,146,18.15
40860,146,18.58
40880,146,18.30
40900,146,17.87
40920,146,17.88
40940,146,17.89
40960,146,18.42
40980,146,18.73
41000,146,18.53
41020,146,18.40
41060,146,18.33
41080,146,18.28
41100,146,18.26
41120,146,18.77
41140,146,19.08
41161,146,19.26
41180,146,18.83
41200,146,18.71
41220,146,18.65
41240,146,18.47
41260,146,18.37
41280,146,18.30
41300,146,18.27
41320,146,18.25
41360,146,18.37
41380,146,18.44
41400,146,18.48
41420,146,18.51
41440,146,18.53
41460,146,16.99
41480,146,17.63
41500,146,18.01
41520,146,18.10
41540,146,18.14
41560,146,18.18
41580,146,18.20
41600,146,18.07
41620,146,18.00
41640,146,18.49
41660,146,18.77
41680,146,18.28
41700,146,17.43
41720,146,17.89
41740,146,18.15
41760,146,18.31
41780,146,18.27
41801,146,18.25
41820,146,18.24
41840,146,18.23
41860,146,18.23
41880,146,18.23
41900,146,18.62
41920,146,18.85
41940,146,18.99
41960,146,19.07
41980,146,19.12
42000,146,18.62
42020,146,18.32
42040,146,18.15
42060,146,18.57
42080,146,18.69
42100,146,18.76
42120,146,18.80
42140,146,18.43
42160,146,18.21
42180,146,18.62
42200,146,18.32
42220,146,18.67
42240,146,18.88
42260,146,18.48
42300,146,18.77
42320,146,18.81
42340,146,18.83
42360,146,18.84
42380,146,18.85
42400,146,18.86
42420,146,18.86
42441,146,18.86
42460,146,18.87
42480,146,18.87
42500,146,18.86
42520,146,18.86
42540,146,18.86
42560,146,18.86
42580,146,18.86
42600,146,18.86
42620,146,18.86
42640,146,18.86
42660,146,18.86
42680,146,18.86
42700,146,18.86
42720,146,18.86
42740,146,18.86
42760,146,18.87
42780,146,18.87
42800,146,18.86
42820,146,18.86
42840,146,18.86
42860,146,18.86
42880,146,18.86
42900,146,18.87
42920,146,18.87
42940,146,18.73
42960,146,18.79
42980,146,18.83
43000,146,18.71
43020,146,18.64
43040,146,18.60
43060,146,18.58
43081,146,18.57
43100,146,18.55
43120,146,18.95
43140,146,18.64
43160,146,18.47
43180,146,18.90
43200,146,19.15
43220,146,19.17
43240,146,18.77
43260,146,19.08
43280,146,18.73
43300,146,19.04
43320,146,18.70
43340,146,19.04
43360,146,18.84
43380,146,18.85
43400,146,18.85
43420,146,18.86
43440,146,18.86
43460,146,18.47
43480,146,18.63
43500,146,18.73
43520,146,18.78
43540,146,18.82
43560,146,18.83
43580,146,18.85
43600,146,18.85
43620,146,18.86
43640,146,18.86
43660,146,18.86
43680,146,18.99
43700,146,19.07
43721,146,19.26
43740,146,18.83
43760,146,18.58
43780,146,18.43
43800,146,18.47
43820,146,18.50
43840,146,18.51
43860,146,18.66
43880,146,18.75
43900,146,18.93
43920,146,18.51
43940,146,18.26
43960,146,18.10
43980,146,18.55
44000,146,18.81
44020,146,18.43
44040,146,18.21
44060,146,17.09
44080,146,17.42
44100,146,17.62
44120,146,17.73
44140,146,17.80
44160,146,17.84
44180,146,17.86
44200,146,17.88
44220,146,17.88
44240,146,17.88
44260,146,17.89
44280,146,18.42
44300,146,18.73
44320,146,18.39
44340,146,18.19
44361,146,18.46
44380,146,18.10
44400,146,17.88
44440,146,18.42
44460,146,18.20
44480,146,18.08
44500,146,18.14
44520,146,18.57
44540,146,18.42
44560,146,18.21
44580,146,18.08
44600,146,18.00
44620,146,18.36
44640,146,18.56
44660,146,18.68
44680,146,18.76
44700,146,18.80
44740,146,18.96
44760,146,18.52
44780,146,18.39
44800,146,18.33
44820,146,18.28
44840,146,18.25
44860,146,18.24
44880,146,18.37
44900,146,18.44
44920,146,18.48
44940,146,18.64
44960,146,18.20
44980,146,17.94
45001,146,17.79
45040,146,18.23
45060,146,18.35
45080,146,17.90
45100,146,18.03
45120,146,18.11
45140,146,18.16
45160,146,18.18
45180,146,18.20
45200,146,18.21
45220,146,18.22
45240,146,18.22
45260,146,18.22
45280,146,17.83
45300,146,18.12
45320,146,18.30
45340,146,18.40
45360,146,18.33
45380,146,18.28
45400,146,18.12
45420,146,18.03
45440,146,17.98
45460,146,17.94
45480,146,17.92
45500,146,17.91
45520,146,17.91
45540,146,18.04
45560,146,18.12
45580,146,18.16
45600,146,18.19
45620,146,18.20
45641,146,18.21
45660,146,18.22
45680,146,18.21
45700,146,18.22
45720,146,18.22
45740,146,18.22
45760,146,18.22
45780,146,18.22
45800,146,18.22
45820,146,18.22
45840,146,18.23
45860,146,18.23
45880,146,18.22
45900,146,18.22
45920,146,18.22
45940,146,18.22
45960,146,18.22
45980,146,18.22
46000,146,18.22
46020,146,18.22
46060,146,18.22
46080,146,18.09
46100,146,18.01
46120,146,17.97
46140,146,17.94
46160,146,17.92
46180,146,17.77
46200,146,17.69
46220,146,17.65
46240,146,18.15
46260,146,18.44
46281,146,18.62
46300,146,18.19
46320,146,17.94
46340,146,18.32
46360,146,18.16
46380,146,18.05
46400,146,17.98
46420,146,17.95
46440,146,18.06
46460,146,18.13
46480,146,18.17
46500,146,18.18
46520,146,18.20
46540,146,18.21
46560,146,18.22
46580,146,18.21
46600,146,18.08
46620,146,18.00
46640,146,17.96
46660,146,17.94
46680,146,17.92
46700,146,17.91
46720,146,17.90
46740,146,17.91
46760,146,18.30
46780,146,18.00
46800,146,18.23
46820,146,18.35
46840,146,18.43
46860,146,18.48
46880,146,18.38
46900,146,18.31
46921,146,18.27
46940,146,18.25
46960,146,18.24
47000,146,18.23
47020,146,18.10
47040,146,18.01
47060,146,18.49
47080,146,18.78
47100,146,18.94
47120,146,18.51
47140,146,18.79
47160,146,18.96
47180,146,18.92
47200,146,18.90
47220,146,18.88
47240,146,18.87
47260,146,18.87
47280,146,18.87
47300,146,18.86
47320,146,18.86
47340,146,18.86
47360,146,18.87
47380,146,18.87
47400,146,18.87
47420,146,18.87
47440,146,18.87
47460,146,18.87
47480,146,18.87
47500,146,19.00
47520,146,18.55
47540,146,18.42
47561,146,18.34
47580,146,18.29
47600,146,18.26
47620,146,18.11
47640,146,18.15
47660,146,18.58
47680,146,18.83
47700,146,18.58
47720,146,18.43
47740,146,18.34
47760,146,18.69
47780,146,18.50
47800,146,18.25
47820,146,18.11
47840,146,18.02
47860,146,18.36
47880,146,18.58
47900,146,18.70
47920,146,18.77
47940,146,18.94
47960,146,19.04
47980,146,18.57
48000,146,18.83
48020,146,18.97
48040,146,19.06
48060,146,19.11
48080,146,19.15
48100,146,19.03
48120,146,18.96
48140,146,18.92
48160,146,18.90
48180,146,18.89
48201,146,19.01
48220,146,18.95
48240,146,18.92
48260,146,18.50
48280,146,18.25
48300,146,18.64
48320,146,18.47
48340,146,18.37
48360,146,18.31
48380,146,18.41
48400,146,18.47
48420,146,18.49
48440,146,18.52
48460,146,18.53
48480,146,18.54
48500,146,17.29
48520,146,17.80
48540,146,18.11
48560,146,17.89
48580,146,17.89
48600,146,17.90
48620,146,17.90
48640,146,17.90
48660,146,18.03
48680,146,18.11
48700,146,18.16
48720,146,18.18
48740,146,17.66
48760,146,17.89
48780,146,18.03
48800,146,18.11
48820,146,18.15
48841,146,18.18
48860,146,17.81
48880,146,17.58
48900,146,17.98
48920,146,18.21
48940,146,17.82
48960,146,17.58
48980,146,17.84
49000,146,18.00
49020,146,18.08
49040,146,18.14
49060,146,18.18
49080,146,18.20
49100,146,18.21
49140,146,18.21
49160,146,18.22
49180,146,18.22
49200,146,18.75
49220,146,18.67
49240,146,18.48
49260,146,18.37
49280,146,18.31
49300,146,18.27
49320,146,18.25
49340,146,18.23
49360,146,18.23
49380,146,18.22
49400,146,18.22
49440,146,18.09
49460,146,18.01
49481,146,18.10
49500,146,18.15
49520,146,18.18
49540,146,18.20
49560,146,18.21
49580,146,18.21
49600,146,18.22
49620,146,18.09
49640,146,18.01
49660,146,17.96
49680,146,17.93
49700,146,18.31
49740,146,18.54
49760,146,18.54
49780,146,18.68
49800,146,18.76
49820,146,18.81
49840,146,18.83
49860,146,18.84
49880,146,18.85
49900,146,18.46
49920,146,18.23
49940,146,18.09
49960,146,18.01
49980,146,17.96
50000,146,18.33
50020,146,18.56
50040,146,18.29
50060,146,18.13
50080,146,18.03
50100,146,17.98
50121,146,17.94
50160,146,18.32
50180,146,18.54
50200,146,18.67
50220,146,18.88
50240,146,19.01
50260,146,18.55
50280,146,18.28
50300,146,18.65
50320,146,18.74
50340,146,18.40
50360,146,18.19
50380,146,18.07
50400,146,18.00
50420,146,17.96
50440,146,17.93
50460,146,17.92
50480,146,17.91
50500,146,18.30
50520,146,18.54
50540,146,18.68
50560,146,18.62
50580,146,18.58
50600,146,18.44
50620,146,18.35
50640,146,18.30
50660,146,18.27
50680,146,18.25
50700,146,18.24
50720,146,18.23
50761,146,18.23
50780,146,18.23
50800,146,18.22
50820,146,18.75
50840,146,18.93
50860,146,19.04
50880,146,19.10
50900,146,19.14
50920,146,19.16
50940,146,19.17
50960,146,19.18
50980,146,19.18
51000,146,19.19
51020,146,19.19
51040,146,19.19
51060,146,19.19
51080,146,18.53
51100,146,18.79
51120,146,18.95
51140,146,19.05
51160,146,19.10
51180,146,19.14
51200,146,19.16
51220,146,18.78
51240,146,18.95
51260,146,19.05
51280,146,19.10
51300,146,18.61
51320,146,18.85
51340,146,18.99
51360,146,18.94
51380,146,19.03
51401,146,18.96
51420,146,18.92
51440,146,18.90
51460,146,18.89
51480,146,18.88
51500,146,18.87
51520,146,18.87
51540,146,18.87
51560,146,18.47
51580,146,18.63
51600,146,18.72
51620,146,18.79
51640,146,18.68
51660,146,18.63
51680,146,18.59
51700,146,18.57
51720,146,18.43
51740,146,18.34
51760,146,18.29
51780,146,18.79
51800,146,18.95
51820,146,19.04
51840,146,19.10
51860,146,19.14
51880,146,19.16
51900,146,19.17
51920,146,19.18
51940,146,19.18
51960,146,19.19
51980,146,19.18
52000,146,19.18
52020,146,19.19
52041,146,18.79
52060,146,19.08
52080,146,19.26
52100,146,18.96
52120,146,18.79
52140,146,18.68
52160,146,18.76
52180,146,18.80
52200,146,18.83
52220,146,18.45
52240,146,18.22
52260,146,18.22
52280,146,18.22
52300,146,18.22
52320,146,18.22
52340,146,18.35
52360,146,18.43
52380,146,18.48
52400,146,18.50
52420,146,18.51
52440,146,18.52
52460,146,18.53
52480,146,18.41
52520,146,18.33
52540,146,18.29
52560,146,18.40
52580,146,18.45
52600,146,18.36
52620,146,18.30
52640,146,18.27
52660,146,18.64
52681,146,18.35
52700,146,18.16
52720,146,18.05
52740,146,17.99
52760,146,18.48
52780,146,18.77
52800,146,18.55
52820,146,18.41
52840,146,18.33
52860,146,18.68
52880,146,18.89
52900,146,19.01
52920,146,19.08
52940,146,18.73
52960,146,18.53
52980,146,18.93
53000,146,19.17
53020,146,18.91
53040,146,18.76
53060,146,18.54
53080,146,18.41
53100,146,18.33
53120,146,18.28
53140,146,18.26
53160,146,18.24
53180,146,18.76
53200,146,18.54
53220,146,18.55
53240,146,18.54
53260,146,18.55
53280,146,18.54
53300,146,18.55
53321,146,18.54
53340,146,18.54
53360,146,18.54
53380,146,18.54
53400,146,18.55
53420,146,18.54
53440,146,18.54
53460,146,18.54
53480,146,18.54
53500,146,18.54
53520,146,18.54
53540,146,18.54
53560,146,18.54
53580,146,18.54
53600,146,18.54
53620,146,18.54
53640,146,18.41
53660,146,18.33
53680,146,18.28
53700,146,18.25
53720,146,18.23
53740,146,18.09
53760,146,18.01
53780,146,18.49
53800,146,18.78
53840,146,18.54
53860,146,18.41
53880,146,18.33
53900,146,18.29
53920,146,18.26
53940,146,18.25
53961,146,18.23
53980,146,18.23
54000,146,18.23
54060,146,18.09
54080,146,18.01
54100,146,18.36
54140,146,18.56
54160,146,18.69
54180,146,18.76
54200,146,18.81
54220,146,18.83
54240,146,18.84
54260,146,18.85
54280,146,18.86
54300,146,18.87
54320,146,18.87
54340,146,18.87
54360,146,18.74
54380,146,18.66
54400,146,18.75
54440,146,18.66
54460,146,18.61
54480,146,18.59
54500,146,18.57
54520,146,18.56
54540,146,18.95
54560,146,18.65
54580,146,18.48
54601,146,18.37
54620,146,18.84
54640,146,18.59
54660,146,18.43
54680,146,18.47
54700,146,18.51
54720,146,18.52
54740,146,18.00
54760,146,18.35
54780,146,18.57
54800,146,18.70
54820,146,18.76
54840,146,18.80
54860,146,18.83
54880,146,18.45
54900,146,18.22
54920,146,18.09
54940,146,18.01
54960,146,17.96
54980,146,18.07
55000,146,18.13
55020,146,18.17
55040,146,18.32
55060,146,18.41
55080,146,18.06
55100,146,18.00
55120,146,17.96
55160,146,18.06
55180,146,18.12
55200,146,18.30
55220,146,18.40
55241,146,18.46
55260,146,18.10
55280,146,17.75
55300,146,17.94
55320,146,18.06
55340,146,18.12
55360,146,18.16
55380,146,18.19
55400,146,18.20
55420,146,18.21
55440,146,18.22
55460,146,18.21
55480,146,18.21
55500,146,18.22
55520,146,18.22
55540,146,18.21
55560,146,18.21
55580,146,18.34
55600,146,18.43
55620,146,18.47
55640,146,18.50
55660,146,18.52
55680,146,18.13
55700,146,17.90
55720,146,17.77
55740,146,17.69
55760,146,17.64
55780,146,18.00
55800,146,18.23
55820,146,18.35
55840,146,18.43
55860,146,18.34
55881,146,18.29
55900,146,18.27
55920,146,18.24
55940,146,18.37
55960,146,18.44
55980,146,18.48
56000,146,18.50
56020,146,18.52
56040,146,18.53
56060,146,18.53
56080,146,18.53
56100,146,18.54
56120,146,18.55
56140,146,18.55
56160,146,18.54
56180,146,18.54
56200,146,18.54
56220,146,18.54
56240,146,18.54
56260,146,18.55
56280,146,18.54
56300,146,18.54
56320,146,18.40
56340,146,18.33
56360,146,18.41
56400,146,18.46
56420,146,18.49
56440,146,18.51
56460,146,18.53
56480,146,18.54
56500,146,18.54
56521,146,18.53
56540,146,18.53
56560,146,18.54
56580,146,18.54
56600,146,18.54
56620,146,18.01
56640,146,17.71
56660,146,18.04
56680,146,18.11
56700,146,18.16
56720,146,18.18
56740,146,18.20
56760,146,18.21
56780,146,18.08
56800,146,18.01
56820,146,17.96
56840,146,17.93
56860,146,17.92
56880,146,17.90
56900,146,17.90
56920,146,17.90
56940,146,17.90
56960,146,17.90
56980,146,17.90
57000,146,17.90
57020,146,17.90
57040,146,17.90
57060,146,17.90
57080,146,18.29
57100,146,18.00
57120,146,17.83
57140,146,18.12
57161,146,18.29
57180,146,18.39
57220,146,18.45
57240,146,18.48
57260,146,18.51
57280,146,18.53
57300,146,18.53
57320,146,18.14
57340,146,18.43
57360,146,18.61
57380,146,18.31
57400,146,18.14
57420,146,18.04
57440,146,17.98
57460,146,17.95
57480,146,17.93
57500,146,17.91
57520,146,17.91
57540,146,17.90
57560,146,18.29
57580,146,18.53
57600,146,18.66
57620,146,18.74
57640,146,18.79
57660,146,18.43
57680,146,18.20
57700,146,18.08
57720,146,18.00
57740,146,18.09
57760,146,18.15
57780,146,18.18
57801,146,18.20
57820,146,18.07
57840,146,18.00
57860,146,18.49
57880,146,18.78
57900,146,17.43
57920,146,17.62
57940,146,17.73
57960,146,17.80
57980,146,17.84
58000,146,17.86
58020,146,17.88
58040,146,17.88
58060,146,18.29
58080,146,18.00
58100,146,18.22
58120,146,18.21
58140,146,18.35
58160,146,18.43
58180,146,18.48
58200,146,18.64
58220,146,18.73
58240,146,18.25
58260,146,17.97
58280,146,17.81
58300,146,17.72
58320,146,17.66
58340,146,17.75
58360,146,18.21
58380,146,18.48
58400,146,18.24
58420,146,18.09
58441,146,18.01
58460,146,17.97
58480,146,17.94
58500,146,17.92
58540,146,17.91
58560,146,17.90
58580,146,18.43
58600,146,18.21
58620,146,18.48
58640,146,18.11
58660,146,18.29
58680,146,18.40
58700,146,18.45
58720,146,18.49
58740,146,18.51
58760,146,18.52
58780,146,18.53
58800,146,18.54
58840,146,18.54
58860,146,18.54
58880,146,18.68
58900,146,18.75
58920,146,18.66
58940,146,18.62
58960,146,18.59
58980,146,18.57
59000,146,18.57
59020,146,18.43
59040,146,18.34
59060,146,18.28
59081,146,18.13
59100,146,18.03
59140,146,17.98
59160,146,18.34
59180,146,18.56
59200,146,18.68
59220,146,18.76
59240,146,18.80
59260,146,18.70
59280,146,18.63
59300,146,18.60
59320,146,18.57
59340,146,18.56
59360,146,18.55
59380,146,18.94
59400,146,19.18
59420,146,19.19
59440,146,19.19
59460,146,19.19
59480,146,19.06
59500,146,18.99
59520,146,18.94
59540,146,18.91
59560,146,18.89
59580,146,18.88
59600,146,18.87
59620,146,18.87
59640,146,18.87
59660,146,18.86
59680,146,19.26
59700,146,19.50
59721,146,19.11
59740,146,18.88
59760,146,18.74
59780,146,18.65
59800,146,19.01
59820,146,19.21
59840,146,19.33
59860,146,19.41
59880,146,19.45
59900,146,19.48
59920,146,19.49
59940,146,19.50
59960,146,19.50
59980,146,19.64
=== EXPERIMENTO COMPLETADO ===
